-- phpMyAdmin SQL Dump
-- version 3.4.10.1deb1
-- http://www.phpmyadmin.net
--
-- 主機: localhost
-- 產生日期: 2013 年 06 月 27 日 15:30
-- 伺服器版本: 5.5.31
-- PHP 版本: 5.3.10-1ubuntu3.6

SET SQL_MODE="NO_AUTO_VALUE_ON_ZERO";
SET time_zone = "+00:00";


/*!40101 SET @OLD_CHARACTER_SET_CLIENT=@@CHARACTER_SET_CLIENT */;
/*!40101 SET @OLD_CHARACTER_SET_RESULTS=@@CHARACTER_SET_RESULTS */;
/*!40101 SET @OLD_COLLATION_CONNECTION=@@COLLATION_CONNECTION */;
/*!40101 SET NAMES utf8 */;

--
-- 資料庫: `License`
--

-- --------------------------------------------------------

--
-- 表的結構 `data`
--

CREATE TABLE IF NOT EXISTS `data` (
  `學制` varchar(6) NOT NULL,
  `科系` varchar(5) NOT NULL,
  `學號` varchar(10) NOT NULL,
  `考取學年` varchar(5) NOT NULL,
  `考取學期` varchar(5) NOT NULL,
  `證照生效日期` date NOT NULL,
  `國內國外` varchar(5) NOT NULL,
  `發證單位` varchar(20) NOT NULL,
  `證照名稱` varchar(20) NOT NULL,
  `級別` varchar(10) NOT NULL,
  KEY `學號` (`學號`)
) ENGINE=InnoDB DEFAULT CHARSET=utf8;

--
-- 轉存資料表中的資料 `data`
--

INSERT INTO `data` (`學制`, `科系`, `學號`, `考取學年`, `考取學期`, `證照生效日期`, `國內國外`, `發證單位`, `證照名稱`, `級別`) VALUES
('日間部四技', '資管系', '40051229', '98', '1', '0098-12-16', '國內', '勞工委員會', '中華民國技術士 - 電腦軟體應用', '丙級'),
('日間部四技', '資管系', '49951347', '98', '2', '0099-05-04', '國內', '(CSF)Computer Skills', 'TQC 專業文書人員', ''),
('日間部四技', '資管系', '49951304', '98', '2', '0099-05-01', '國內', '勞工委員會', '中華民國技術士 - 網頁設計', '丙級'),
('日間部四技', '資管系', '49951305', '98', '2', '0099-05-02', '國內', '(CSF)Computer Skills', 'TQC 專業 Linux 網路管理工程師', ''),
('日間部四技', '資管系', '49951103', '98', '2', '0099-04-21', '國內', '(CSF)Computer Skills', 'TQC 專業行銷人員', ''),
('日間部四技', '資管系', '49951304', '98', '2', '0099-04-18', '國內', '(CSF)Computer Skills', 'TQC-OA 網際網路及行動通訊', '專業級'),
('日間部四技', '資管系', '49851242', '98', '2', '0099-06-10', '國內', '(NDI)National Develo', '(GET)Global English ', 'A2 / CEF A'),
('日間部四技', '資管系', '49851118', '98', '2', '0099-06-10', '國內', '(NDI)National Develo', '(GET)Global English ', 'A2 / CEF A'),
('日間部四技', '資管系', '49851162', '98', '2', '0099-07-30', '國內', '(CTWLSA)Chinese Taip', '救生員', ''),
('日間部四技', '資管系', '49951202', '98', '2', '0099-04-07', '國內', '(CSF)Computer Skills', 'TQC 專業企畫人員', ''),
('日間部四技', '資管系', '49951347', '98', '2', '0099-05-04', '國內', '(CSF)Computer Skills', 'TQC 專業英文秘書人員', ''),
('日間部四技', '資管系', '49851204', '98', '2', '0099-06-20', '國內', '(CSF)Computer Skills', 'TQC-DK 電子商務概論', '專業級'),
('日間部四技', '資管系', '49851249', '98', '2', '0099-06-20', '國內', '(CSF)Computer Skills', 'TQC-DK 電子商務概論', '專業級'),
('日間部四技', '資管系', '49851238', '98', '2', '0099-06-20', '國內', '(CSF)Computer Skills', 'TQC-DK 電子商務概論', '專業級'),
('日間部四技', '資管系', '49951308', '98', '2', '0099-03-01', '國內', '勞工委員會', '中華民國技術士 - 電腦軟體應用', '乙級'),
('日間部四技', '資管系', '49951102', '98', '2', '0099-03-01', '國內', '勞工委員會', '中華民國技術士 - 電腦軟體應用', '乙級'),
('日間部四技', '資管系', '49951204', '98', '2', '0099-04-21', '國內', '(CSF)Computer Skills', 'TQC 專業行銷人員', ''),
('日間部四技', '資管系', '49951305', '98', '2', '0099-04-18', '國內', '(CSF)Computer Skills', 'TQC-OA 網際網路及行動通訊', '專業級'),
('日間部四技', '資管系', '49851140', '98', '2', '0099-06-20', '國內', '(CSF)Computer Skills', 'TQC-OA Internet Expl', '專業級'),
('日間部四技', '資管系', '49851220', '98', '2', '0099-06-20', '國內', '(CSF)Computer Skills', 'TQC-DK 電子商務概論', '專業級'),
('日間部四技', '資管系', '49851107', '98', '2', '0099-06-30', '國內', '(CSF)Computer Skills', 'EEC-EEAP 企業電子化助理規劃師', ''),
('日間部四技', '資管系', '49851221', '98', '2', '0099-07-15', '國內', '(CSF)Computer Skills', 'EEC-EEAP 企業電子化助理規劃師', ''),
('日間部四技', '資管系', '49851122', '98', '2', '0099-07-15', '國內', '(CSF)Computer Skills', 'EEC-EEAP 企業電子化助理規劃師', ''),
('日間部四技', '資管系', '49851245', '98', '2', '0099-07-30', '國內', '(CSF)Computer Skills', 'EEC-EEAP 企業電子化助理規劃師', ''),
('日間部四技', '資管系', '49951304', '98', '2', '0099-05-02', '國內', '(CSF)Computer Skills', 'TQC 專業 Linux 系統管理工程師', ''),
('日間部四技', '資管系', '49951305', '98', '2', '0099-05-02', '國內', '(CSF)Computer Skills', 'TQC 專業 Linux 系統管理工程師', ''),
('日間部四技', '資管系', '49951306', '98', '2', '0099-05-02', '國內', '(CSF)Computer Skills', 'TQC 專業 Linux 系統管理工程師', ''),
('日間部四技', '資管系', '49951304', '98', '2', '0099-05-02', '國內', '(CSF)Computer Skills', 'TQC 專業 Linux 網路管理工程師', ''),
('日間部四技', '資管系', '49851110', '98', '2', '0099-06-20', '國內', '(CSF)Computer Skills', 'TQC-OA Internet Expl', '專業級'),
('日間部四技', '資管系', '49951103', '98', '2', '0099-04-21', '國內', '(CSF)Computer Skills', 'TQC 專業企畫人員', ''),
('日間部四技', '資管系', '49951212', '98', '2', '0099-04-21', '國內', '(CSF)Computer Skills', 'TQC 專業企畫人員', ''),
('日間部四技', '資管系', '49851235', '98', '2', '0099-06-20', '國內', '(CSF)Computer Skills', 'TQC-OA Internet Expl', '專業級'),
('日間部四技', '資管系', '49951235', '98', '2', '0099-03-19', '國內', '勞工委員會', '中華民國技術士 - 電腦軟體應用', '乙級'),
('日間部四技', '資管系', '49951310', '98', '2', '0099-04-21', '國內', '(CSF)Computer Skills', 'TQC 專業英文秘書人員', ''),
('日間部四技', '資管系', '49851126', '98', '2', '0099-06-20', '國內', '(CSF)Computer Skills', 'TQC-OA Internet Expl', '專業級'),
('日間部四技', '資管系', '49851155', '98', '2', '0099-06-20', '國內', '(CSF)Computer Skills', 'TQC-OA Internet Expl', '專業級'),
('日間部四技', '資管系', '49851139', '98', '2', '0099-06-20', '國內', '(CSF)Computer Skills', 'TQC-DK 電子商務概論', '專業級'),
('日間部四技', '資管系', '49851105', '98', '2', '0099-06-20', '國內', '(CSF)Computer Skills', 'TQC-OA Internet Expl', '專業級'),
('日間部四技', '資管系', '49851102', '98', '2', '0099-06-20', '國內', '(CSF)Computer Skills', 'TQC-OA Internet Expl', '專業級'),
('日間部四技', '資管系', '49851221', '98', '2', '0099-06-20', '國內', '(CSF)Computer Skills', 'TQC-OA Internet Expl', '專業級'),
('日間部四技', '資管系', '49851106', '98', '2', '0099-06-20', '國內', '(CSF)Computer Skills', 'TQC-OA Internet Expl', '專業級'),
('日間部四技', '資管系', '49851109', '98', '2', '0099-06-20', '國內', '(CSF)Computer Skills', 'TQC-OA Internet Expl', '專業級'),
('日間部四技', '資管系', '49851231', '98', '2', '0099-06-20', '國內', '(CSF)Computer Skills', 'TQC-OA Internet Expl', '專業級'),
('日間部四技', '資管系', '49851125', '98', '2', '0099-06-20', '國內', '(CSF)Computer Skills', 'TQC-OA Internet Expl', '專業級'),
('日間部四技', '資管系', '49851123', '98', '2', '0099-06-20', '國內', '(CSF)Computer Skills', 'TQC-OA Internet Expl', '專業級'),
('日間部四技', '資管系', '49851133', '98', '2', '0099-06-20', '國內', '(CSF)Computer Skills', 'TQC-OA Internet Expl', '專業級'),
('日間部四技', '資管系', '49831207', '98', '2', '0099-06-20', '國內', '(CSF)Computer Skills', 'TQC-OA Internet Expl', '專業級'),
('日間部四技', '資管系', '49851246', '98', '2', '0099-06-20', '國內', '(CSF)Computer Skills', 'TQC-OA Internet Expl', '專業級'),
('日間部四技', '資管系', '49951103', '98', '2', '0099-02-23', '國內', '勞工委員會', '中華民國技術士 - 電腦軟體應用', '乙級'),
('日間部四技', '資管系', '49851211', '98', '2', '0099-06-20', '國內', '(CSF)Computer Skills', 'TQC-OA Internet Expl', '專業級'),
('日間部四技', '資管系', '49951347', '98', '2', '0099-02-23', '國內', '勞工委員會', '中華民國技術士 - 電腦軟體應用', '乙級'),
('日間部四技', '資管系', '49851213', '98', '2', '0099-06-20', '國內', '(CSF)Computer Skills', 'TQC-OA Internet Expl', '專業級'),
('日間部四技', '資管系', '49851157', '98', '2', '0099-06-20', '國內', '(CSF)Computer Skills', 'TQC-OA Internet Expl', '專業級'),
('日間部四技', '資管系', '49851221', '98', '2', '0099-06-10', '國內', '(NDI)National Develo', '(GET)Global English ', 'A2 / CEF A'),
('日間部四技', '資管系', '49851101', '98', '2', '0099-06-20', '國內', '(CSF)Computer Skills', 'TQC-DK 電子商務概論', '專業級'),
('日間部四技', '資管系', '49951157', '98', '2', '0099-04-14', '國內', '(CVES)The Commercial', '電腦專業能力測驗 - 中文看打輸入', '丙級(30~59字/'),
('日間部四技', '資管系', '49951305', '98', '2', '0099-02-22', '國內', '勞工委員會', '中華民國技術士 - 電腦硬體裝修', '乙級'),
('日間部四技', '資管系', '49951205', '98', '2', '0099-03-19', '國內', '勞工委員會', '中華民國技術士 - 電腦軟體應用', '乙級'),
('日間部四技', '資管系', '49951157', '98', '2', '0099-03-09', '國內', '勞工委員會', '中華民國技術士 - 電腦軟體應用', '乙級'),
('日間部四技', '資管系', '49951301', '98', '2', '0099-03-04', '國內', '勞工委員會', '中華民國技術士 - 電腦軟體應用', '乙級'),
('日間部四技', '資管系', '49951231', '98', '2', '0099-03-02', '國內', '勞工委員會', '中華民國技術士 - 電腦軟體應用', '乙級'),
('日間部四技', '資管系', '49951252', '98', '2', '0099-02-22', '國內', '勞工委員會', '中華民國技術士 - 電腦軟體應用', '乙級'),
('日間部四技', '資管系', '49851227', '98', '2', '0099-06-20', '國內', '(CSF)Computer Skills', 'TQC-OA Internet Expl', '專業級'),
('日間部四技', '資管系', '49951212', '98', '2', '0099-04-21', '國內', '(CSF)Computer Skills', 'TQC 專業英文秘書人員', ''),
('日間部四技', '資管系', '49851103', '98', '2', '0099-06-20', '國內', '(CSF)Computer Skills', 'TQC-OA Internet Expl', '專業級'),
('日間部四技', '資管系', '49951211', '98', '2', '0099-02-11', '國內', '勞工委員會', '中華民國技術士 - 電腦軟體應用', '乙級'),
('日間部四技', '資管系', '49851230', '98', '2', '0099-06-20', '國內', '(CSF)Computer Skills', 'TQC-OA Internet Expl', '專業級'),
('日間部四技', '資管系', '49951306', '98', '2', '0099-04-18', '國內', '(CSF)Computer Skills', 'TQC-OA 網際網路及行動通訊', '專業級'),
('日間部四技', '資管系', '49951305', '98', '2', '0099-04-29', '國內', '勞工委員會', '中華民國技術士 - 視聽電子', '丙級'),
('日間部四技', '資管系', '49851206', '98', '2', '0099-06-20', '國內', '(CSF)Computer Skills', 'TQC-OA Internet Expl', '專業級'),
('日間部四技', '資管系', '49951306', '98', '2', '0099-04-18', '國內', '(CSF)Computer Skills', 'TQC-DK 電子商務概論', '專業級'),
('日間部四技', '資管系', '49851122', '98', '2', '0099-06-20', '國內', '(CSF)Computer Skills', 'TQC-OA Internet Expl', '專業級'),
('日間部四技', '資管系', '49851252', '98', '2', '0099-06-20', '國內', '(CSF)Computer Skills', 'TQC-OA Internet Expl', '專業級'),
('日間部四技', '資管系', '49851253', '98', '2', '0099-06-20', '國內', '(CSF)Computer Skills', 'TQC-OA Internet Expl', '專業級'),
('日間部四技', '資管系', '49851219', '98', '2', '0099-06-20', '國內', '(CSF)Computer Skills', 'TQC-OA Internet Expl', '專業級'),
('日間部四技', '資管系', '49851247', '98', '2', '0099-06-20', '國內', '(CSF)Computer Skills', 'TQC-OA Internet Expl', '專業級'),
('日間部四技', '資管系', '49851248', '98', '2', '0099-06-20', '國內', '(CSF)Computer Skills', 'TQC-OA Internet Expl', '專業級'),
('日間部四技', '資管系', '49851101', '98', '2', '0099-06-20', '國內', '(CSF)Computer Skills', 'TQC-OA Internet Expl', '專業級'),
('日間部四技', '資管系', '49851250', '98', '2', '0099-06-20', '國內', '(CSF)Computer Skills', 'TQC-OA Internet Expl', '專業級'),
('日間部四技', '資管系', '49851204', '98', '2', '0099-06-20', '國內', '(CSF)Computer Skills', 'TQC-OA Internet Expl', '專業級'),
('日間部四技', '資管系', '49851249', '98', '2', '0099-06-20', '國內', '(CSF)Computer Skills', 'TQC-OA Internet Expl', '專業級'),
('日間部四技', '資管系', '49851238', '98', '2', '0099-06-20', '國內', '(CSF)Computer Skills', 'TQC-OA Internet Expl', '專業級'),
('日間部四技', '資管系', '49851136', '98', '2', '0099-06-20', '國內', '(CSF)Computer Skills', 'TQC-OA Internet Expl', '專業級'),
('日間部四技', '資管系', '49851256', '98', '2', '0099-06-20', '國內', '(CSF)Computer Skills', 'TQC-OA Internet Expl', '專業級'),
('日間部四技', '資管系', '49851220', '98', '2', '0099-06-20', '國內', '(CSF)Computer Skills', 'TQC-OA Internet Expl', '專業級'),
('日間部四技', '資管系', '49951212', '98', '2', '0099-04-03', '國內', '(CSF)Computer Skills', 'TQC-OA PowerPoint(20', '進階級'),
('日間部四技', '資管系', '49951347', '98', '2', '0099-04-03', '國內', '(CSF)Computer Skills', 'TQC-OA PowerPoint(20', '進階級'),
('日間部四技', '資管系', '49951204', '98', '2', '0099-04-03', '國內', '(CSF)Computer Skills', 'TQC-OA PowerPoint(20', '進階級'),
('日間部四技', '資管系', '49951304', '98', '2', '0099-04-18', '國內', '(CSF)Computer Skills', 'TQC-OS Windows(Mobil', '專業級'),
('日間部四技', '資管系', '49951305', '98', '2', '0099-04-18', '國內', '(CSF)Computer Skills', 'TQC-OS Windows(Mobil', '專業級'),
('日間部四技', '資管系', '49951306', '98', '2', '0099-04-18', '國內', '(CSF)Computer Skills', 'TQC-OS Windows(Mobil', '專業級'),
('日間部四技', '資管系', '49951137', '98', '2', '0099-05-08', '國內', '(CSF)Computer Skills', 'TQC-OA Word(2003)', '進階級'),
('日間部四技', '資管系', '49951137', '98', '2', '0099-04-10', '國內', '(CSF)Computer Skills', 'TQC-OA 中文輸入(新注音)', '進階級'),
('日間部四技', '資管系', '49951212', '98', '2', '0099-04-25', '國內', '(CSF)Computer Skills', 'TQC-OA 中文輸入(嘸蝦米)', '專業級'),
('日間部四技', '資管系', '49951204', '98', '2', '0099-04-25', '國內', '(CSF)Computer Skills', 'TQC-OA 中文輸入(嘸蝦米)', '專業級'),
('日間部四技', '資管系', '49951347', '98', '2', '0099-03-14', '國內', '(CSF)Computer Skills', 'TQC-OA 英文輸入', '進階級'),
('日間部四技', '資管系', '49951204', '98', '2', '0099-04-03', '國內', '(CSF)Computer Skills', 'TQC-OA 英文輸入', '實用級'),
('日間部四技', '資管系', '49951202', '98', '2', '0099-04-07', '國內', '(CSF)Computer Skills', 'TQC-OA 英文輸入', '實用級'),
('日間部四技', '資管系', '49951212', '98', '2', '0099-04-07', '國內', '(CSF)Computer Skills', 'TQC 專業 e-Office 人員', ''),
('日間部四技', '資管系', '49951310', '98', '2', '0099-04-07', '國內', '(CSF)Computer Skills', 'TQC 專業 e-Office 人員', ''),
('日間部四技', '資管系', '49951103', '98', '2', '0099-04-07', '國內', '(CSF)Computer Skills', 'TQC 專業 e-Office 人員', ''),
('日間部四技', '資管系', '49951204', '98', '2', '0099-04-07', '國內', '(CSF)Computer Skills', 'TQC 專業 e-Office 人員', ''),
('日間部四技', '資管系', '49951347', '98', '2', '0099-05-04', '國內', '(CSF)Computer Skills', 'TQC 專業 e-Office 人員', ''),
('日間部四技', '資管系', '49951212', '98', '2', '0099-04-21', '國內', '(CSF)Computer Skills', 'TQC 專業人事人員', ''),
('日間部四技', '資管系', '49951103', '98', '2', '0099-04-21', '國內', '(CSF)Computer Skills', 'TQC 專業人事人員', ''),
('日間部四技', '資管系', '49951204', '98', '2', '0099-04-21', '國內', '(CSF)Computer Skills', 'TQC 專業人事人員', ''),
('日間部四技', '資管系', '49951212', '98', '2', '0099-04-21', '國內', '(CSF)Computer Skills', 'TQC 專業中文秘書人員', ''),
('日間部四技', '資管系', '49951103', '98', '2', '0099-04-21', '國內', '(CSF)Computer Skills', 'TQC 專業中文秘書人員', ''),
('日間部四技', '資管系', '49951204', '98', '2', '0099-04-21', '國內', '(CSF)Computer Skills', 'TQC 專業中文秘書人員', ''),
('日間部四技', '資管系', '49951202', '98', '2', '0099-04-07', '國內', '(CSF)Computer Skills', 'TQC 專業文書人員', ''),
('日間部四技', '資管系', '49951212', '98', '2', '0099-04-21', '國內', '(CSF)Computer Skills', 'TQC 專業文書人員', ''),
('日間部四技', '資管系', '49951310', '98', '2', '0099-04-21', '國內', '(CSF)Computer Skills', 'TQC 專業文書人員', ''),
('日間部四技', '資管系', '49851136', '98', '2', '0099-06-20', '國內', '(CSF)Computer Skills', 'TQC-DK 電子商務概論', '專業級'),
('日間部四技', '資管系', '49951306', '98', '2', '0099-05-02', '國內', '(CSF)Computer Skills', 'TQC 專業 Linux 網路管理工程師', ''),
('日間部四技', '資管系', '49951212', '98', '2', '0099-04-21', '國內', '(CSF)Computer Skills', 'TQC 專業行銷人員', ''),
('日間部四技', '資管系', '49951347', '98', '2', '0099-05-04', '國內', '(CSF)Computer Skills', 'TQC 專業企畫人員', ''),
('日間部四技', '資管系', '49951204', '98', '2', '0099-04-21', '國內', '(CSF)Computer Skills', 'TQC 專業企畫人員', ''),
('日間部四技', '資管系', '49951144', '98', '2', '0099-02-23', '國內', '勞工委員會', '中華民國技術士 - 電腦軟體應用', '乙級'),
('日間部四技', '資管系', '49951310', '98', '2', '0099-04-21', '國內', '(CSF)Computer Skills', 'TQC 專業企畫人員', ''),
('日間部四技', '資管系', '49951347', '98', '2', '0099-04-10', '國內', '(CSF)Computer Skills', 'TQC-OA Internet Expl', '專業級'),
('日間部四技', '資管系', '49951204', '98', '2', '0099-02-23', '國內', '勞工委員會', '中華民國技術士 - 電腦軟體應用', '乙級'),
('日間部四技', '資管系', '49851233', '98', '2', '0099-06-20', '國內', '(CSF)Computer Skills', 'TQC-OA Internet Expl', '專業級'),
('日間部四技', '資管系', '49951229', '98', '2', '0099-04-16', '國內', '(CSF)Computer Skills', 'TQC-OA Internet Expl', '專業級'),
('日間部四技', '資管系', '40051143', '98', '2', '0099-06-15', '國內', '勞工委員會', '中華民國技術士 - 電腦軟體應用', '丙級'),
('日間部四技', '資管系', '49951102', '98', '2', '0099-04-16', '國內', '(CSF)Computer Skills', 'TQC-OA Internet Expl', '專業級'),
('日間部四技', '資管系', '40051119', '98', '2', '0099-07-17', '國內', '勞工委員會', '中華民國技術士 - 電腦硬體裝修', '丙級'),
('日間部四技', '資管系', '49851139', '98', '2', '0099-06-20', '國內', '(CSF)Computer Skills', 'TQC-OA Internet Expl', '專業級'),
('日間部四技', '資管系', '49951245', '98', '2', '0099-05-29', '國內', '(CVES)The Commercial', '電腦專業能力測驗 - 中文看打輸入', '丙級(30~59字/'),
('日間部四技', '資管系', '49951306', '98', '2', '0099-02-22', '國內', '勞工委員會', '中華民國技術士 - 電腦硬體裝修', '乙級'),
('日間部四技', '資管系', '49851114', '98', '2', '0099-06-20', '國內', '(CSF)Computer Skills', 'TQC-OA Internet Expl', '專業級'),
('日間部四技', '資管系', '49951304', '98', '2', '0099-02-22', '國內', '勞工委員會', '中華民國技術士 - 電腦硬體裝修', '乙級'),
('日間部四技', '資管系', '49951208', '98', '2', '0099-03-19', '國內', '勞工委員會', '中華民國技術士 - 電腦軟體應用', '乙級'),
('日間部四技', '資管系', '49951203', '98', '2', '0099-03-19', '國內', '勞工委員會', '中華民國技術士 - 電腦軟體應用', '乙級'),
('日間部四技', '資管系', '49851248', '98', '2', '0099-06-20', '國內', '(CSF)Computer Skills', 'TQC-DK 電子商務概論', '專業級'),
('日間部四技', '資管系', '49951214', '98', '2', '0099-03-09', '國內', '勞工委員會', '中華民國技術士 - 電腦軟體應用', '乙級'),
('日間部四技', '資管系', '49951213', '98', '2', '0099-03-02', '國內', '勞工委員會', '中華民國技術士 - 電腦軟體應用', '乙級'),
('日間部四技', '資管系', '49951112', '98', '2', '0099-03-02', '國內', '勞工委員會', '中華民國技術士 - 電腦軟體應用', '乙級'),
('日間部四技', '資管系', '49851107', '98', '2', '0099-06-20', '國內', '(CSF)Computer Skills', 'TQC-OA Internet Expl', '專業級'),
('日間部四技', '資管系', '49851111', '98', '2', '0099-06-20', '國內', '(CSF)Computer Skills', 'TQC-OA Internet Expl', '專業級'),
('日間部四技', '資管系', '49851157', '98', '2', '0099-06-10', '國內', '(NDI)National Develo', '(GET)Global English ', 'A2 / CEF A'),
('日間部四技', '資管系', '49951103', '98', '2', '0099-04-21', '國內', '(CSF)Computer Skills', 'TQC 專業英文秘書人員', ''),
('日間部四技', '資管系', '49951310', '98', '2', '0099-02-23', '國內', '勞工委員會', '中華民國技術士 - 電腦軟體應用', '乙級'),
('日間部四技', '資管系', '49851245', '98', '2', '0099-06-20', '國內', '(CSF)Computer Skills', 'TQC-OA Internet Expl', '專業級'),
('日間部四技', '資管系', '49851256', '98', '2', '0099-06-20', '國內', '(CSF)Computer Skills', 'TQC-DK 電子商務概論', '專業級'),
('日間部四技', '資管系', '49851141', '98', '2', '0099-06-20', '國內', '(CSF)Computer Skills', 'TQC-OA Internet Expl', '專業級'),
('日間部四技', '資管系', '49851203', '98', '2', '0099-06-20', '國內', '(CSF)Computer Skills', 'TQC-OA Internet Expl', '專業級'),
('日間部四技', '資管系', '49951202', '98', '2', '0099-02-11', '國內', '勞工委員會', '中華民國技術士 - 電腦軟體應用', '乙級'),
('日間部四技', '資管系', '49851121', '98', '2', '0099-06-20', '國內', '(CSF)Computer Skills', 'TQC-OA Internet Expl', '專業級'),
('日間部四技', '資管系', '49951254', '98', '2', '0099-02-05', '國內', '勞工委員會', '中華民國技術士 - 電腦軟體應用', '乙級'),
('日間部四技', '資管系', '49951138', '98', '2', '0099-02-02', '國內', '勞工委員會', '中華民國技術士 - 電腦軟體應用', '乙級'),
('日間部四技', '資管系', '49851149', '98', '2', '0099-06-20', '國內', '(CSF)Computer Skills', 'TQC-OA Internet Expl', '專業級'),
('日間部四技', '資管系', '49851106', '98', '2', '0099-06-10', '國內', '(NDI)National Develo', '(GET)Global English ', 'A2 / CEF A'),
('日間部四技', '資管系', '49851114', '98', '2', '0099-06-20', '國內', '(CSF)Computer Skills', 'TQC-DK 電子商務概論', '專業級'),
('日間部四技', '資管系', '49951305', '98', '2', '0099-04-18', '國內', '(CSF)Computer Skills', 'TQC-DK 電子商務概論', '專業級'),
('日間部四技', '資管系', '49951304', '98', '2', '0099-04-18', '國內', '(CSF)Computer Skills', 'TQC-DK 電子商務概論', '專業級'),
('日間部四技', '資管系', '49851250', '98', '2', '0099-06-20', '國內', '(CSF)Computer Skills', 'TQC-DK 電子商務概論', '專業級'),
('日間部四技', '資管系', '49851223', '98', '2', '0099-06-20', '國內', '(CSF)Computer Skills', 'TQC-OA Internet Expl', '專業級'),
('日間部四技', '資管系', '49851203', '98', '2', '0099-06-20', '國內', '(CSF)Computer Skills', 'TQC-DK 電子商務概論', '專業級'),
('日間部四技', '資管系', '49851157', '98', '2', '0099-06-20', '國內', '(CSF)Computer Skills', 'TQC-DK 電子商務概論', '專業級'),
('日間部四技', '資管系', '49851149', '98', '2', '0099-06-20', '國內', '(CSF)Computer Skills', 'TQC-DK 電子商務概論', '專業級'),
('日間部四技', '資管系', '49851105', '98', '2', '0099-06-20', '國內', '(CSF)Computer Skills', 'TQC-DK 電子商務概論', '專業級'),
('日間部四技', '資管系', '49851102', '98', '2', '0099-06-20', '國內', '(CSF)Computer Skills', 'TQC-DK 電子商務概論', '專業級'),
('日間部四技', '資管系', '49851221', '98', '2', '0099-06-20', '國內', '(CSF)Computer Skills', 'TQC-DK 電子商務概論', '專業級'),
('日間部四技', '資管系', '49851106', '98', '2', '0099-06-20', '國內', '(CSF)Computer Skills', 'TQC-DK 電子商務概論', '專業級'),
('日間部四技', '資管系', '49851109', '98', '2', '0099-06-20', '國內', '(CSF)Computer Skills', 'TQC-DK 電子商務概論', '專業級'),
('日間部四技', '資管系', '49851231', '98', '2', '0099-06-20', '國內', '(CSF)Computer Skills', 'TQC-DK 電子商務概論', '專業級'),
('日間部四技', '資管系', '49851125', '98', '2', '0099-06-20', '國內', '(CSF)Computer Skills', 'TQC-DK 電子商務概論', '專業級'),
('日間部四技', '資管系', '49851123', '98', '2', '0099-06-20', '國內', '(CSF)Computer Skills', 'TQC-DK 電子商務概論', '專業級'),
('日間部四技', '資管系', '49851133', '98', '2', '0099-06-20', '國內', '(CSF)Computer Skills', 'TQC-DK 電子商務概論', '專業級'),
('日間部四技', '資管系', '49831207', '98', '2', '0099-06-20', '國內', '(CSF)Computer Skills', 'TQC-DK 電子商務概論', '專業級'),
('日間部四技', '資管系', '49851246', '98', '2', '0099-06-20', '國內', '(CSF)Computer Skills', 'TQC-DK 電子商務概論', '專業級'),
('日間部四技', '資管系', '49851211', '98', '2', '0099-06-20', '國內', '(CSF)Computer Skills', 'TQC-DK 電子商務概論', '專業級'),
('日間部四技', '資管系', '49851245', '98', '2', '0099-06-20', '國內', '(CSF)Computer Skills', 'TQC-DK 電子商務概論', '專業級'),
('日間部四技', '資管系', '49851227', '98', '2', '0099-06-20', '國內', '(CSF)Computer Skills', 'TQC-DK 電子商務概論', '專業級'),
('日間部四技', '資管系', '49851155', '98', '2', '0099-06-20', '國內', '(CSF)Computer Skills', 'TQC-DK 電子商務概論', '專業級'),
('日間部四技', '資管系', '49851230', '98', '2', '0099-06-20', '國內', '(CSF)Computer Skills', 'TQC-DK 電子商務概論', '專業級'),
('日間部四技', '資管系', '49851121', '98', '2', '0099-06-20', '國內', '(CSF)Computer Skills', 'TQC-DK 電子商務概論', '專業級'),
('日間部四技', '資管系', '49851111', '98', '2', '0099-06-20', '國內', '(CSF)Computer Skills', 'TQC-DK 電子商務概論', '專業級'),
('日間部四技', '資管系', '49851110', '98', '2', '0099-06-20', '國內', '(CSF)Computer Skills', 'TQC-DK 電子商務概論', '專業級'),
('日間部四技', '資管系', '49851213', '98', '2', '0099-06-20', '國內', '(CSF)Computer Skills', 'TQC-DK 電子商務概論', '專業級'),
('日間部四技', '資管系', '49851141', '98', '2', '0099-06-20', '國內', '(CSF)Computer Skills', 'TQC-DK 電子商務概論', '專業級'),
('日間部四技', '資管系', '49851107', '98', '2', '0099-06-20', '國內', '(CSF)Computer Skills', 'TQC-DK 電子商務概論', '專業級'),
('日間部四技', '資管系', '49851235', '98', '2', '0099-06-20', '國內', '(CSF)Computer Skills', 'TQC-DK 電子商務概論', '專業級'),
('日間部四技', '資管系', '49851126', '98', '2', '0099-06-20', '國內', '(CSF)Computer Skills', 'TQC-DK 電子商務概論', '專業級'),
('日間部四技', '資管系', '49851233', '98', '2', '0099-06-20', '國內', '(CSF)Computer Skills', 'TQC-DK 電子商務概論', '專業級'),
('日間部四技', '資管系', '49851103', '98', '2', '0099-06-20', '國內', '(CSF)Computer Skills', 'TQC-DK 電子商務概論', '專業級'),
('日間部四技', '資管系', '49851223', '98', '2', '0099-06-20', '國內', '(CSF)Computer Skills', 'TQC-DK 電子商務概論', '專業級'),
('日間部四技', '資管系', '49851140', '98', '2', '0099-06-20', '國內', '(CSF)Computer Skills', 'TQC-DK 電子商務概論', '專業級'),
('日間部四技', '資管系', '49851122', '98', '2', '0099-06-20', '國內', '(CSF)Computer Skills', 'TQC-DK 電子商務概論', '專業級'),
('日間部四技', '資管系', '49851206', '98', '2', '0099-06-20', '國內', '(CSF)Computer Skills', 'TQC-DK 電子商務概論', '專業級'),
('日間部四技', '資管系', '49851252', '98', '2', '0099-06-20', '國內', '(CSF)Computer Skills', 'TQC-DK 電子商務概論', '專業級'),
('日間部四技', '資管系', '49851253', '98', '2', '0099-06-20', '國內', '(CSF)Computer Skills', 'TQC-DK 電子商務概論', '專業級'),
('日間部四技', '資管系', '49851219', '98', '2', '0099-06-20', '國內', '(CSF)Computer Skills', 'TQC-DK 電子商務概論', '專業級'),
('日間部四技', '資管系', '49851247', '98', '2', '0099-06-20', '國內', '(CSF)Computer Skills', 'TQC-DK 電子商務概論', '專業級'),
('日間部四技', '資管系', '49951304', '98', '2', '0099-02-02', '國外', 'Certiport, Inc.[思遞波公', '(IC3)Internet and Co', ''),
('日間部四技', '資管系', '49951305', '98', '2', '0099-02-02', '國外', 'Certiport, Inc.[思遞波公', '(IC3)Internet and Co', ''),
('日間部四技', '資管系', '49951202', '98', '2', '0099-05-22', '國外', 'Microsoft(微軟)', '(MOS)Microsoft Offic', 'Master(大師級'),
('日間部四技', '資管系', '49951103', '98', '2', '0099-04-21', '國內', '(CSF)Computer Skills', 'TQC 專業文書人員', ''),
('日間部四技', '資管系', '49851133', '99', '1', '0099-10-15', '國內', '(CSF)Computer Skills', 'EEC-EEAP 企業電子化助理規劃師', ''),
('日間部四技', '資管系', '49831207', '99', '1', '0099-10-15', '國內', '(CSF)Computer Skills', 'EEC-EEAP 企業電子化助理規劃師', ''),
('日間部四技', '資管系', '49851227', '99', '1', '0099-10-15', '國內', '(CSF)Computer Skills', 'EEC-EEAP 企業電子化助理規劃師', ''),
('日間部四技', '資管系', '49851252', '99', '1', '0099-10-15', '國內', '(CSF)Computer Skills', 'EEC-EEAP 企業電子化助理規劃師', ''),
('日間部四技', '資管系', '49851139', '99', '1', '0099-10-15', '國內', '(CSF)Computer Skills', 'EEC-EEAP 企業電子化助理規劃師', ''),
('日間部四技', '資管系', '49851126', '99', '1', '0099-10-15', '國內', '(CSF)Computer Skills', 'EEC-EEAP 企業電子化助理規劃師', ''),
('日間部四技', '資管系', '49851101', '99', '1', '0099-08-31', '國內', '(CSF)Computer Skills', 'EEC-EEAP 企業電子化助理規劃師', ''),
('日間部四技', '資管系', '49851248', '99', '1', '0099-10-15', '國內', '(CSF)Computer Skills', 'EEC-EEAP 企業電子化助理規劃師', ''),
('日間部四技', '資管系', '49851253', '99', '1', '0099-10-15', '國內', '(CSF)Computer Skills', 'EEC-EEAP 企業電子化助理規劃師', ''),
('日間部四技', '資管系', '49851235', '99', '1', '0099-10-15', '國內', '(CSF)Computer Skills', 'EEC-EEAP 企業電子化助理規劃師', ''),
('日間部四技', '資管系', '49851114', '99', '1', '0099-10-15', '國內', '(CSF)Computer Skills', 'EEC-EEAP 企業電子化助理規劃師', ''),
('日間部四技', '資管系', '49851111', '99', '1', '0099-10-15', '國內', '(CSF)Computer Skills', 'EEC-EEAP 企業電子化助理規劃師', ''),
('日間部四技', '資管系', '49851121', '99', '1', '0099-10-15', '國內', '(CSF)Computer Skills', 'EEC-EEAP 企業電子化助理規劃師', ''),
('日間部四技', '資管系', '49951324', '99', '1', '0100-11-18', '國內', '(NDI)National Develo', '(GET)Global English ', 'A2 / CEF A'),
('日間部四技', '資管系', '49851203', '99', '1', '0099-10-15', '國內', '(CSF)Computer Skills', 'EEC-EEAP 企業電子化助理規劃師', ''),
('日間部四技', '資管系', '49851157', '99', '1', '0099-10-15', '國內', '(CSF)Computer Skills', 'EEC-EEAP 企業電子化助理規劃師', ''),
('日間部四技', '資管系', '49851149', '99', '1', '0099-10-15', '國內', '(CSF)Computer Skills', 'EEC-EEAP 企業電子化助理規劃師', ''),
('日間部四技', '資管系', '49851105', '99', '1', '0099-10-15', '國內', '(CSF)Computer Skills', 'EEC-EEAP 企業電子化助理規劃師', ''),
('日間部四技', '資管系', '49851102', '99', '1', '0099-10-15', '國內', '(CSF)Computer Skills', 'EEC-EEAP 企業電子化助理規劃師', ''),
('日間部四技', '資管系', '49851106', '99', '1', '0099-10-15', '國內', '(CSF)Computer Skills', 'EEC-EEAP 企業電子化助理規劃師', ''),
('日間部四技', '資管系', '49851109', '99', '1', '0099-10-15', '國內', '(CSF)Computer Skills', 'EEC-EEAP 企業電子化助理規劃師', ''),
('日間部四技', '資管系', '49851231', '99', '1', '0099-10-15', '國內', '(CSF)Computer Skills', 'EEC-EEAP 企業電子化助理規劃師', ''),
('日間部四技', '資管系', '49951345', '99', '1', '0100-11-18', '國內', '(NDI)National Develo', '(GET)Global English ', 'A2 / CEF A'),
('日間部四技', '資管系', '49951119', '99', '1', '0100-11-18', '國內', '(NDI)National Develo', '(GET)Global English ', 'A2 / CEF A'),
('日間部四技', '資管系', '49851249', '99', '1', '0099-10-15', '國內', '(CSF)Computer Skills', 'EEC-EEAP 企業電子化助理規劃師', ''),
('日間部四技', '資管系', '49851204', '99', '1', '0099-10-15', '國內', '(CSF)Computer Skills', 'EEC-EEAP 企業電子化助理規劃師', ''),
('日間部四技', '資管系', '49851223', '99', '1', '0099-10-15', '國內', '(CSF)Computer Skills', 'EEC-EEAP 企業電子化助理規劃師', ''),
('日間部四技', '資管系', '49851233', '99', '1', '0099-10-15', '國內', '(CSF)Computer Skills', 'EEC-EEAP 企業電子化助理規劃師', ''),
('日間部四技', '資管系', '49851110', '99', '1', '0099-10-15', '國內', '(CSF)Computer Skills', 'EEC-EEAP 企業電子化助理規劃師', ''),
('日間部四技', '資管系', '49851246', '99', '1', '0099-09-30', '國內', '(CSF)Computer Skills', 'EEC-EEAP 企業電子化助理規劃師', ''),
('日間部四技', '資管系', '49851238', '99', '1', '0099-10-15', '國內', '(CSF)Computer Skills', 'EEC-EEAP 企業電子化助理規劃師', ''),
('日間部四技', '資管系', '49951240', '99', '1', '0100-11-18', '國內', '(NDI)National Develo', '(GET)Global English ', 'A2 / CEF A'),
('日間部四技', '資管系', '49851256', '99', '1', '0099-10-15', '國內', '(CSF)Computer Skills', 'EEC-EEAP 企業電子化助理規劃師', ''),
('日間部四技', '資管系', '49851220', '99', '1', '0099-10-15', '國內', '(CSF)Computer Skills', 'EEC-EEAP 企業電子化助理規劃師', ''),
('日間部四技', '資管系', '49851114', '99', '1', '0100-01-18', '國外', 'EPCglobal', 'Foundation Certifica', ''),
('日間部四技', '資管系', '49851105', '99', '1', '0100-01-19', '國外', 'EPCglobal', 'Foundation Certifica', ''),
('日間部四技', '資管系', '49851221', '99', '1', '0100-01-19', '國外', 'EPCglobal', 'Foundation Certifica', ''),
('日間部四技', '資管系', '49851202', '99', '1', '0100-01-19', '國外', 'EPCglobal', 'Foundation Certifica', ''),
('日間部四技', '資管系', '49831207', '99', '1', '0100-01-19', '國外', 'EPCglobal', 'Foundation Certifica', ''),
('日間部四技', '資管系', '49851227', '99', '1', '0100-01-19', '國外', 'EPCglobal', 'Foundation Certifica', ''),
('日間部四技', '資管系', '49851121', '99', '1', '0100-01-19', '國外', 'EPCglobal', 'Foundation Certifica', ''),
('日間部四技', '資管系', '49851101', '99', '1', '0100-01-19', '國外', 'EPCglobal', 'Foundation Certifica', ''),
('日間部四技', '資管系', '49851250', '99', '1', '0100-01-19', '國外', 'EPCglobal', 'Foundation Certifica', ''),
('日間部四技', '資管系', '49851107', '99', '1', '0099-08-28', '國內', '勞工委員會', '中華民國技術士 - 電腦軟體設計', '丙級'),
('日間部四技', '資管系', '49951156', '99', '1', '0099-11-18', '國內', '(NDI)National Develo', '(GET)Global English ', 'A2 / CEF A'),
('日間部四技', '資管系', '40051119', '99', '1', '0099-12-09', '國內', '勞工委員會', '中華民國技術士 - 網路架設', '丙級'),
('日間部四技', '資管系', '40051102', '99', '1', '0100-01-13', '國內', '勞工委員會', '中華民國技術士 - 電腦硬體裝修', '乙級'),
('日間部四技', '資管系', '40051143', '99', '1', '0099-08-18', '國內', '(CSF)Computer Skills', 'TQC-OA 中文輸入(新注音)', '進階級'),
('日間部四技', '資管系', '40051143', '99', '1', '0099-08-21', '國內', '(CSF)Computer Skills', 'TQC-OA 數字輸入', '進階級'),
('日間部四技', '資管系', '40051143', '99', '1', '0099-11-13', '國內', '(CSF)Computer Skills', 'TQC-OA Word(2003)', '進階級'),
('日間部四技', '資管系', '40051239', '99', '1', '0099-08-03', '國內', '勞工委員會', '中華民國技術士 - 電腦軟體應用', '丙級'),
('日間部四技', '資管系', '49851123', '99', '1', '0099-10-15', '國內', '(CSF)Computer Skills', 'EEC-EEAP 企業電子化助理規劃師', ''),
('日間部四技', '資管系', '40051306', '99', '2', '0100-03-14', '國內', '勞工委員會', '中華民國技術士 - 電腦軟體應用', '乙級'),
('日間部四技', '資管系', '49851138', '99', '2', '0100-05-17', '國內', '勞工委員會', '中華民國技術士 - 電腦硬體裝修', '丙級'),
('日間部四技', '資管系', '49951353', '99', '2', '0100-06-30', '國內', '(CSF)Computer Skills', 'EEC-EEAP 企業電子化助理規劃師', ''),
('日間部四技', '資管系', '49951350', '99', '2', '0100-06-30', '國內', '(CSF)Computer Skills', 'EEC-EEAP 企業電子化助理規劃師', ''),
('日間部四技', '資管系', '49851159', '99', '2', '0100-05-17', '國內', '勞工委員會', '中華民國技術士 - 電腦硬體裝修', '丙級'),
('日間部四技', '資管系', '49851128', '99', '2', '0100-05-17', '國內', '勞工委員會', '中華民國技術士 - 電腦硬體裝修', '丙級'),
('日間部四技', '資管系', '49851104', '99', '2', '0100-05-17', '國內', '勞工委員會', '中華民國技術士 - 電腦硬體裝修', '丙級'),
('日間部四技', '資管系', '49951133', '99', '2', '0100-06-11', '國內', '(CSF)Computer Skills', 'TQC-DK 電子商務概論', '專業級'),
('日間部四技', '資管系', '40051114', '99', '2', '0101-07-26', '國內', '(NDI)National Develo', '(GET)Global English ', 'A2 / CEF A'),
('日間部四技', '資管系', '49851227', '99', '2', '0100-05-16', '國內', '勞工委員會', '中華民國技術士 - 電腦硬體裝修', '丙級'),
('日間部四技', '資管系', '49851129', '99', '2', '0100-05-17', '國內', '勞工委員會', '中華民國技術士 - 電腦硬體裝修', '丙級'),
('日間部四技', '資管系', '49851117', '99', '2', '0100-05-17', '國內', '勞工委員會', '中華民國技術士 - 電腦硬體裝修', '丙級'),
('日間部四技', '資管系', '49851105', '99', '2', '0101-07-25', '國內', '(NDI)National Develo', '(GET)Global English ', 'A2 / CEF A'),
('日間部四技', '資管系', '49851123', '99', '2', '0101-07-25', '國內', '(NDI)National Develo', '(GET)Global English ', 'A2 / CEF A'),
('日間部四技', '資管系', '49951124', '99', '2', '0101-07-25', '國內', '(NDI)National Develo', '(GET)Global English ', 'A2 / CEF A'),
('日間部四技', '資管系', '49951242', '99', '2', '0101-07-25', '國內', '(NDI)National Develo', '(GET)Global English ', 'A2 / CEF A'),
('日間部四技', '資管系', '40051123', '99', '2', '0101-07-26', '國內', '(NDI)National Develo', '(GET)Global English ', 'A2 / CEF A'),
('日間部四技', '資管系', '49951131', '99', '2', '0100-06-11', '國內', '(CSF)Computer Skills', 'TQC-DK 電子商務概論', '專業級'),
('日間部四技', '資管系', '49951124', '99', '2', '0100-06-30', '國內', '(CSF)Computer Skills', 'EEC-EEAP 企業電子化助理規劃師', ''),
('日間部四技', '資管系', '49851139', '99', '2', '0100-05-17', '國內', '勞工委員會', '中華民國技術士 - 電腦硬體裝修', '丙級'),
('日間部四技', '資管系', '40051242', '99', '2', '0100-03-15', '國內', '(CSF)Computer Skills', 'TQC-OA Internet Expl', '專業級'),
('日間部四技', '資管系', '40051158', '99', '2', '0100-04-02', '國內', '勞工委員會', '中華民國技術士 - 網頁設計', '丙級'),
('日間部四技', '資管系', '40051113', '99', '2', '0100-04-11', '國內', '(CSF)Computer Skills', 'TQC 專業 e-Office 人員', ''),
('日間部四技', '資管系', '40051120', '99', '2', '0100-04-17', '國內', '(CSF)Computer Skills', 'TQC-OA 中文輸入(嘸蝦米)', '進階級'),
('日間部四技', '資管系', '40051203', '99', '2', '0100-05-05', '國內', '(CSF)Computer Skills', 'TQC-OA PowerPoint(20', '專業級'),
('日間部四技', '資管系', '40051203', '99', '2', '0100-05-09', '國內', '(CSF)Computer Skills', 'TQC-OA Word(2003)', '專業級'),
('日間部四技', '資管系', '40051104', '99', '2', '0100-05-09', '國內', '(CSF)Computer Skills', 'TQC-OA Word(2003)', '專業級'),
('日間部四技', '資管系', '40051143', '99', '2', '0100-05-13', '國內', '(CSF)Computer Skills', 'TQC-OA Internet Expl', '進階級'),
('日間部四技', '資管系', '40051143', '99', '2', '0099-03-20', '國內', '(CSF)Computer Skills', 'TQC-OA 英文輸入', '實用級'),
('日間部四技', '資管系', '40051143', '99', '2', '0099-06-12', '國內', '(CSF)Computer Skills', 'TQC-OA PowerPoint(20', '實用級'),
('日間部四技', '資管系', '40051143', '99', '2', '0100-06-25', '國內', '(CSF)Computer Skills', 'TQC-OA Excel(2003)', '實用級'),
('日間部四技', '資管系', '40051349', '99', '2', '0100-05-12', '國內', '(CSF)Computer Skills', 'TQC-WD FrontPage(200', '專業級'),
('日間部四技', '資管系', '40051304', '99', '2', '0100-05-05', '國內', '(CSF)Computer Skills', 'TQC-OA PowerPoint(20', '專業級'),
('日間部四技', '資管系', '40051104', '99', '2', '0100-05-05', '國內', '(CSF)Computer Skills', 'TQC-OA PowerPoint(20', '專業級'),
('日間部四技', '資管系', '40051120', '99', '2', '0100-03-12', '國內', '(CSF)Computer Skills', 'TQC-OA PowerPoint(20', '進階級'),
('日間部四技', '資管系', '40051332', '99', '2', '0100-05-18', '國內', '(CSF)Computer Skills', 'TQC-OA PowerPoint(20', '實用級'),
('日間部四技', '資管系', '40051314', '99', '2', '0100-04-17', '國內', '(CSF)Computer Skills', 'TQC-OA 中文輸入(新注音)', '進階級'),
('日間部四技', '資管系', '49951331', '99', '2', '0100-06-11', '國內', '(CSF)Computer Skills', 'TQC-DK 電子商務概論', '專業級'),
('日間部四技', '資管系', '40051314', '99', '2', '0100-04-17', '國內', '(CSF)Computer Skills', 'TQC-OA 英文輸入', '實用級'),
('日間部四技', '資管系', '40051121', '99', '2', '0100-03-14', '國內', '勞工委員會', '中華民國技術士 - 電腦軟體應用', '乙級'),
('日間部四技', '資管系', '49851106', '99', '2', '0100-05-17', '國內', '勞工委員會', '中華民國技術士 - 電腦硬體裝修', '丙級'),
('日間部四技', '資管系', '40051113', '99', '2', '0100-04-18', '國內', '(CSF)Computer Skills', 'TQC 專業行銷人員', ''),
('日間部四技', '資管系', '40051242', '99', '2', '0100-04-18', '國內', '(CSF)Computer Skills', 'TQC 專業行銷人員', ''),
('日間部四技', '資管系', '40051113', '99', '2', '0100-04-18', '國內', '(CSF)Computer Skills', 'TQC 專業英文秘書人員', ''),
('日間部四技', '資管系', '40051242', '99', '2', '0100-04-18', '國內', '(CSF)Computer Skills', 'TQC 專業英文秘書人員', ''),
('日間部四技', '資管系', '40051304', '99', '2', '0100-05-19', '國內', '(CSF)Computer Skills', 'TQC-OA Word(2003)', '專業級'),
('日間部四技', '資管系', '40051317', '99', '2', '0100-03-19', '國內', '(CSF)Computer Skills', 'TQC-OA Word(2003)', '實用級'),
('日間部四技', '資管系', '40051203', '99', '2', '0100-02-15', '國內', '勞工委員會', '中華民國技術士 - 電腦軟體應用', '乙級'),
('日間部四技', '資管系', '40051260', '99', '2', '0100-02-15', '國內', '勞工委員會', '中華民國技術士 - 電腦軟體應用', '乙級'),
('日間部四技', '資管系', '40051104', '99', '2', '0100-02-15', '國內', '勞工委員會', '中華民國技術士 - 電腦軟體應用', '乙級'),
('日間部四技', '資管系', '40051211', '99', '2', '0100-02-22', '國內', '勞工委員會', '中華民國技術士 - 電腦軟體應用', '乙級'),
('日間部四技', '資管系', '40051116', '99', '2', '0100-02-22', '國內', '勞工委員會', '中華民國技術士 - 電腦軟體應用', '乙級'),
('日間部四技', '資管系', '40051114', '99', '2', '0100-02-23', '國內', '勞工委員會', '中華民國技術士 - 電腦軟體應用', '乙級'),
('日間部四技', '資管系', '40051249', '99', '2', '0100-02-23', '國內', '勞工委員會', '中華民國技術士 - 電腦軟體應用', '乙級'),
('日間部四技', '資管系', '40051214', '99', '2', '0100-03-02', '國內', '勞工委員會', '中華民國技術士 - 電腦軟體應用', '乙級'),
('日間部四技', '資管系', '40051209', '99', '2', '0100-03-02', '國內', '勞工委員會', '中華民國技術士 - 電腦軟體應用', '乙級'),
('日間部四技', '資管系', '40051202', '99', '2', '0100-03-02', '國內', '勞工委員會', '中華民國技術士 - 電腦軟體應用', '乙級'),
('日間部四技', '資管系', '40051120', '99', '2', '0100-03-02', '國內', '勞工委員會', '中華民國技術士 - 電腦軟體應用', '乙級'),
('日間部四技', '資管系', '40051113', '99', '2', '0100-03-02', '國內', '勞工委員會', '中華民國技術士 - 電腦軟體應用', '乙級'),
('日間部四技', '資管系', '40051148', '99', '2', '0100-03-02', '國內', '勞工委員會', '中華民國技術士 - 電腦軟體應用', '乙級'),
('日間部四技', '資管系', '40051354', '99', '2', '0100-03-02', '國內', '勞工委員會', '中華民國技術士 - 電腦軟體應用', '乙級'),
('日間部四技', '資管系', '40051242', '99', '2', '0100-03-02', '國內', '勞工委員會', '中華民國技術士 - 電腦軟體應用', '乙級'),
('日間部四技', '資管系', '40051261', '99', '2', '0100-03-04', '國內', '勞工委員會', '中華民國技術士 - 電腦軟體應用', '乙級'),
('日間部四技', '資管系', '40051223', '99', '2', '0100-03-04', '國內', '勞工委員會', '中華民國技術士 - 電腦軟體應用', '乙級'),
('日間部四技', '資管系', '40051333', '99', '2', '0100-03-04', '國內', '勞工委員會', '中華民國技術士 - 電腦軟體應用', '乙級'),
('日間部四技', '資管系', '40051342', '99', '2', '0100-03-04', '國內', '勞工委員會', '中華民國技術士 - 電腦軟體應用', '乙級'),
('日間部四技', '資管系', '40051328', '99', '2', '0100-03-04', '國內', '勞工委員會', '中華民國技術士 - 電腦軟體應用', '乙級'),
('日間部四技', '資管系', '40051317', '99', '2', '0100-03-08', '國內', '勞工委員會', '中華民國技術士 - 電腦軟體應用', '乙級'),
('日間部四技', '資管系', '40051334', '99', '2', '0100-03-12', '國內', '勞工委員會', '中華民國技術士 - 電腦軟體應用', '乙級'),
('日間部四技', '資管系', '40051205', '99', '2', '0100-03-14', '國內', '勞工委員會', '中華民國技術士 - 電腦軟體應用', '乙級'),
('日間部四技', '資管系', '40051225', '99', '2', '0100-03-14', '國內', '勞工委員會', '中華民國技術士 - 電腦軟體應用', '乙級'),
('日間部四技', '資管系', '40051141', '99', '2', '0100-03-14', '國內', '勞工委員會', '中華民國技術士 - 電腦軟體應用', '乙級'),
('日間部四技', '資管系', '40051305', '99', '2', '0100-03-14', '國內', '勞工委員會', '中華民國技術士 - 電腦軟體應用', '乙級'),
('日間部四技', '資管系', '40051204', '99', '2', '0100-03-14', '國內', '勞工委員會', '中華民國技術士 - 電腦軟體應用', '乙級'),
('日間部四技', '資管系', '40051137', '99', '2', '0100-03-14', '國內', '勞工委員會', '中華民國技術士 - 電腦軟體應用', '乙級'),
('日間部四技', '資管系', '49851144', '99', '2', '0100-05-17', '國內', '勞工委員會', '中華民國技術士 - 電腦硬體裝修', '丙級'),
('日間部四技', '資管系', '49851138', '99', '2', '0100-06-11', '國內', '(CSF)Computer Skills', 'TQC-DK 電子商務概論', '專業級'),
('日間部四技', '資管系', '40051349', '99', '2', '0100-05-30', '國內', '(CSF)Computer Skills', 'TQC-OA 中文輸入(嘸蝦米)', '進階級'),
('日間部四技', '資管系', '40051119', '99', '2', '0100-04-08', '國內', '勞工委員會', '中華民國技術士 - 電腦軟體應用', '乙級'),
('日間部四技', '資管系', '49951239', '99', '2', '0100-06-11', '國內', '(CSF)Computer Skills', 'TQC-DK 電子商務概論', '專業級'),
('日間部四技', '資管系', '40051105', '99', '2', '0100-03-14', '國內', '勞工委員會', '中華民國技術士 - 電腦軟體應用', '乙級'),
('日間部四技', '資管系', '49951242', '99', '2', '0100-06-30', '國內', '(CSF)Computer Skills', 'EEC-EEAP 企業電子化助理規劃師', ''),
('日間部四技', '資管系', '49851141', '99', '2', '0100-05-17', '國內', '勞工委員會', '中華民國技術士 - 電腦硬體裝修', '丙級'),
('日間部四技', '資管系', '40051343', '99', '2', '0100-04-20', '國內', '勞工委員會', '中華民國技術士 - 電腦軟體應用', '丙級'),
('日間部四技', '資管系', '49951331', '99', '2', '0100-06-30', '國內', '(CSF)Computer Skills', 'EEC-EEAP 企業電子化助理規劃師', ''),
('日間部四技', '資管系', '49951239', '99', '2', '0100-06-30', '國內', '(CSF)Computer Skills', 'EEC-EEAP 企業電子化助理規劃師', ''),
('日間部四技', '資管系', '49951211', '99', '2', '0100-06-30', '國內', '(CSF)Computer Skills', 'EEC-EEAP 企業電子化助理規劃師', ''),
('日間部四技', '資管系', '49951233', '99', '2', '0100-06-30', '國內', '(CSF)Computer Skills', 'EEC-EEAP 企業電子化助理規劃師', ''),
('日間部四技', '資管系', '49951137', '99', '2', '0100-06-30', '國內', '(CSF)Computer Skills', 'EEC-EEAP 企業電子化助理規劃師', ''),
('日間部四技', '資管系', '49951131', '99', '2', '0100-06-30', '國內', '(CSF)Computer Skills', 'EEC-EEAP 企業電子化助理規劃師', ''),
('日間部四技', '資管系', '49951133', '99', '2', '0100-06-30', '國內', '(CSF)Computer Skills', 'EEC-EEAP 企業電子化助理規劃師', ''),
('日間部四技', '資管系', '49851138', '99', '2', '0100-06-30', '國內', '(CSF)Computer Skills', 'EEC-EEAP 企業電子化助理規劃師', ''),
('日間部四技', '資管系', '49951135', '99', '2', '0100-06-30', '國內', '(CSF)Computer Skills', 'EEC-EEAP 企業電子化助理規劃師', '');
INSERT INTO `data` (`學制`, `科系`, `學號`, `考取學年`, `考取學期`, `證照生效日期`, `國內國外`, `發證單位`, `證照名稱`, `級別`) VALUES
('日間部四技', '資管系', '49951231', '99', '2', '0100-06-30', '國內', '(CSF)Computer Skills', 'EEC-EEAP 企業電子化助理規劃師', ''),
('日間部四技', '資管系', '49951220', '99', '2', '0100-06-30', '國內', '(CSF)Computer Skills', 'EEC-EEAP 企業電子化助理規劃師', ''),
('日間部四技', '資管系', '49951329', '99', '2', '0100-06-30', '國內', '(CSF)Computer Skills', 'EEC-EEAP 企業電子化助理規劃師', ''),
('日間部四技', '資管系', '49951340', '99', '2', '0100-06-30', '國內', '(CSF)Computer Skills', 'EEC-EEAP 企業電子化助理規劃師', ''),
('日間部四技', '資管系', '49951138', '99', '2', '0100-06-30', '國內', '(CSF)Computer Skills', 'EEC-EEAP 企業電子化助理規劃師', ''),
('日間部四技', '資管系', '49951114', '99', '2', '0100-06-30', '國內', '(CSF)Computer Skills', 'EEC-EEAP 企業電子化助理規劃師', ''),
('日間部四技', '資管系', '49951240', '99', '2', '0100-06-30', '國內', '(CSF)Computer Skills', 'EEC-EEAP 企業電子化助理規劃師', ''),
('日間部四技', '資管系', '49951308', '99', '2', '0100-06-30', '國內', '(CSF)Computer Skills', 'EEC-EEAP 企業電子化助理規劃師', ''),
('日間部四技', '資管系', '49951121', '99', '2', '0100-06-30', '國內', '(CSF)Computer Skills', 'EEC-EEAP 企業電子化助理規劃師', ''),
('日間部四技', '資管系', '49951112', '99', '2', '0100-06-30', '國內', '(CSF)Computer Skills', 'EEC-EEAP 企業電子化助理規劃師', ''),
('日間部四技', '資管系', '49851159', '99', '2', '0100-06-30', '國內', '(CSF)Computer Skills', 'EEC-EEAP 企業電子化助理規劃師', ''),
('日間部四技', '資管系', '49851244', '99', '2', '0100-06-30', '國內', '(CSF)Computer Skills', 'EEC-EEAP 企業電子化助理規劃師', ''),
('日間部四技', '資管系', '49851202', '99', '2', '0100-06-30', '國內', '(CSF)Computer Skills', 'EEC-EEAP 企業電子化助理規劃師', ''),
('日間部四技', '資管系', '49951147', '99', '2', '0100-06-30', '國內', '(CSF)Computer Skills', 'EEC-EEAP 企業電子化助理規劃師', ''),
('日間部四技', '資管系', '49951140', '99', '2', '0100-06-30', '國內', '(CSF)Computer Skills', 'EEC-EEAP 企業電子化助理規劃師', ''),
('日間部四技', '資管系', '49951109', '99', '2', '0100-06-30', '國內', '(CSF)Computer Skills', 'EEC-EEAP 企業電子化助理規劃師', ''),
('日間部四技', '資管系', '49908101', '99', '2', '0100-06-30', '國內', '(CSF)Computer Skills', 'EEC-EEAP 企業電子化助理規劃師', ''),
('日間部四技', '資管系', '49951202', '99', '2', '0100-06-30', '國內', '(CSF)Computer Skills', 'EEC-EEAP 企業電子化助理規劃師', ''),
('日間部四技', '資管系', '49951143', '99', '2', '0100-06-30', '國內', '(CSF)Computer Skills', 'EEC-EEAP 企業電子化助理規劃師', ''),
('日間部四技', '資管系', '49951149', '99', '2', '0100-06-30', '國內', '(CSF)Computer Skills', 'EEC-EEAP 企業電子化助理規劃師', ''),
('日間部四技', '資管系', '49951205', '99', '2', '0100-06-30', '國內', '(CSF)Computer Skills', 'EEC-EEAP 企業電子化助理規劃師', ''),
('日間部四技', '資管系', '49951108', '99', '2', '0100-06-30', '國內', '(CSF)Computer Skills', 'EEC-EEAP 企業電子化助理規劃師', ''),
('日間部四技', '資管系', '49951248', '99', '2', '0100-06-30', '國內', '(CSF)Computer Skills', 'EEC-EEAP 企業電子化助理規劃師', ''),
('日間部四技', '資管系', '49951134', '99', '2', '0100-06-30', '國內', '(CSF)Computer Skills', 'EEC-EEAP 企業電子化助理規劃師', ''),
('日間部四技', '資管系', '49951347', '99', '2', '0100-06-30', '國內', '(CSF)Computer Skills', 'EEC-EEAP 企業電子化助理規劃師', ''),
('日間部四技', '資管系', '49951110', '99', '2', '0100-06-30', '國內', '(CSF)Computer Skills', 'EEC-EEAP 企業電子化助理規劃師', ''),
('日間部四技', '資管系', '49951148', '99', '2', '0100-06-30', '國內', '(CSF)Computer Skills', 'EEC-EEAP 企業電子化助理規劃師', ''),
('日間部四技', '資管系', '49951150', '99', '2', '0100-06-30', '國內', '(CSF)Computer Skills', 'EEC-EEAP 企業電子化助理規劃師', ''),
('日間部四技', '資管系', '49951327', '99', '2', '0100-06-30', '國內', '(CSF)Computer Skills', 'EEC-EEAP 企業電子化助理規劃師', ''),
('日間部四技', '資管系', '49951107', '99', '2', '0100-06-30', '國內', '(CSF)Computer Skills', 'EEC-EEAP 企業電子化助理規劃師', ''),
('日間部四技', '資管系', '49851145', '99', '2', '0100-06-30', '國內', '(CSF)Computer Skills', 'EEC-EEAP 企業電子化助理規劃師', ''),
('日間部四技', '資管系', '49851103', '99', '2', '0100-06-30', '國內', '(CSF)Computer Skills', 'EEC-EEAP 企業電子化助理規劃師', ''),
('日間部四技', '資管系', '49951103', '99', '2', '0100-06-30', '國內', '(CSF)Computer Skills', 'EEC-EEAP 企業電子化助理規劃師', ''),
('日間部四技', '資管系', '49951119', '99', '2', '0100-06-30', '國內', '(CSF)Computer Skills', 'EEC-EEAP 企業電子化助理規劃師', ''),
('日間部四技', '資管系', '49951210', '99', '2', '0100-06-30', '國內', '(CSF)Computer Skills', 'EEC-EEAP 企業電子化助理規劃師', ''),
('日間部四技', '資管系', '49851140', '99', '2', '0100-06-30', '國內', '(CSF)Computer Skills', 'EEC-EEAP 企業電子化助理規劃師', ''),
('日間部四技', '資管系', '49951144', '99', '2', '0100-06-30', '國內', '(CSF)Computer Skills', 'EEC-EEAP 企業電子化助理規劃師', ''),
('日間部四技', '資管系', '49951337', '99', '2', '0100-06-30', '國內', '(CSF)Computer Skills', 'EEC-EEAP 企業電子化助理規劃師', ''),
('日間部四技', '資管系', '49951217', '99', '2', '0100-06-30', '國內', '(CSF)Computer Skills', 'EEC-EEAP 企業電子化助理規劃師', ''),
('日間部四技', '資管系', '49951245', '99', '2', '0100-06-30', '國內', '(CSF)Computer Skills', 'EEC-EEAP 企業電子化助理規劃師', ''),
('日間部四技', '資管系', '49951214', '99', '2', '0100-06-30', '國內', '(CSF)Computer Skills', 'EEC-EEAP 企業電子化助理規劃師', ''),
('日間部四技', '資管系', '49951157', '99', '2', '0100-06-30', '國內', '(CSF)Computer Skills', 'EEC-EEAP 企業電子化助理規劃師', ''),
('日間部四技', '資管系', '49951258', '99', '2', '0100-06-30', '國內', '(CSF)Computer Skills', 'EEC-EEAP 企業電子化助理規劃師', ''),
('日間部四技', '資管系', '49951152', '99', '2', '0100-06-30', '國內', '(CSF)Computer Skills', 'EEC-EEAP 企業電子化助理規劃師', ''),
('日間部四技', '資管系', '49951153', '99', '2', '0100-06-30', '國內', '(CSF)Computer Skills', 'EEC-EEAP 企業電子化助理規劃師', ''),
('日間部四技', '資管系', '49951302', '99', '2', '0100-06-30', '國內', '(CSF)Computer Skills', 'EEC-EEAP 企業電子化助理規劃師', ''),
('日間部四技', '資管系', '49851251', '99', '2', '0100-06-30', '國內', '(CSF)Computer Skills', 'EEC-EEAP 企業電子化助理規劃師', ''),
('日間部四技', '資管系', '49951155', '99', '2', '0100-06-30', '國內', '(CSF)Computer Skills', 'EEC-EEAP 企業電子化助理規劃師', ''),
('日間部四技', '資管系', '40051242', '99', '2', '0100-04-18', '國內', '(CSF)Computer Skills', 'TQC 專業 e-Office 人員', ''),
('日間部四技', '資管系', '49851111', '99', '2', '0100-05-17', '國內', '勞工委員會', '中華民國技術士 - 電腦硬體裝修', '丙級'),
('日間部四技', '資管系', '40051113', '99', '2', '0100-04-18', '國內', '(CSF)Computer Skills', 'TQC 專業人事人員', ''),
('日間部四技', '資管系', '49851110', '99', '2', '0100-05-17', '國內', '勞工委員會', '中華民國技術士 - 電腦硬體裝修', '丙級'),
('日間部四技', '資管系', '40051352', '99', '2', '0100-04-17', '國內', '(CSF)Computer Skills', 'TQC-OA 中文輸入(新注音)', '進階級'),
('日間部四技', '資管系', '49951137', '99', '2', '0100-06-11', '國內', '(CSF)Computer Skills', 'TQC-DK 電子商務概論', '專業級'),
('日間部四技', '資管系', '40051113', '99', '2', '0100-04-18', '國內', '(CSF)Computer Skills', 'TQC 專業中文秘書人員', ''),
('日間部四技', '資管系', '49951233', '99', '2', '0100-06-11', '國內', '(CSF)Computer Skills', 'TQC-DK 電子商務概論', '專業級'),
('日間部四技', '資管系', '40051160', '99', '2', '0100-03-08', '國內', '勞工委員會', '中華民國技術士 - 電腦軟體應用', '乙級'),
('日間部四技', '資管系', '40051113', '99', '2', '0100-04-18', '國內', '(CSF)Computer Skills', 'TQC 專業文書人員', ''),
('日間部四技', '資管系', '49951211', '99', '2', '0100-06-11', '國內', '(CSF)Computer Skills', 'TQC-DK 電子商務概論', '專業級'),
('日間部四技', '資管系', '40051210', '99', '2', '0100-03-15', '國內', '勞工委員會', '中華民國技術士 - 電腦軟體應用', '乙級'),
('日間部四技', '資管系', '40051242', '99', '2', '0100-04-18', '國內', '(CSF)Computer Skills', 'TQC 專業文書人員', ''),
('日間部四技', '資管系', '40051134', '99', '2', '0100-03-14', '國內', '勞工委員會', '中華民國技術士 - 電腦軟體應用', '乙級'),
('日間部四技', '資管系', '49951139', '99', '2', '0100-06-30', '國內', '(CSF)Computer Skills', 'EEC-EEAP 企業電子化助理規劃師', ''),
('日間部四技', '資管系', '49951252', '99', '2', '0101-07-25', '國內', '(NDI)National Develo', '(GET)Global English ', 'A2 / CEF A'),
('日間部四技', '資管系', '40051113', '99', '2', '0100-04-18', '國內', '(CSF)Computer Skills', 'TQC 專業企畫人員', ''),
('日間部四技', '資管系', '40051304', '99', '2', '0100-02-15', '國內', '勞工委員會', '中華民國技術士 - 電腦軟體應用', '丙級'),
('日間部四技', '資管系', '49951135', '99', '2', '0100-06-11', '國內', '(CSF)Computer Skills', 'TQC-DK 電子商務概論', '專業級'),
('日間部四技', '資管系', '49951231', '99', '2', '0100-06-11', '國內', '(CSF)Computer Skills', 'TQC-DK 電子商務概論', '專業級'),
('日間部四技', '資管系', '49951220', '99', '2', '0100-06-11', '國內', '(CSF)Computer Skills', 'TQC-DK 電子商務概論', '專業級'),
('日間部四技', '資管系', '49951329', '99', '2', '0100-06-11', '國內', '(CSF)Computer Skills', 'TQC-DK 電子商務概論', '專業級'),
('日間部四技', '資管系', '49951340', '99', '2', '0100-06-11', '國內', '(CSF)Computer Skills', 'TQC-DK 電子商務概論', '專業級'),
('日間部四技', '資管系', '49951138', '99', '2', '0100-06-11', '國內', '(CSF)Computer Skills', 'TQC-DK 電子商務概論', '專業級'),
('日間部四技', '資管系', '49951114', '99', '2', '0100-06-11', '國內', '(CSF)Computer Skills', 'TQC-DK 電子商務概論', '專業級'),
('日間部四技', '資管系', '49951240', '99', '2', '0100-06-11', '國內', '(CSF)Computer Skills', 'TQC-DK 電子商務概論', '專業級'),
('日間部四技', '資管系', '49951308', '99', '2', '0100-06-11', '國內', '(CSF)Computer Skills', 'TQC-DK 電子商務概論', '專業級'),
('日間部四技', '資管系', '49951121', '99', '2', '0100-06-11', '國內', '(CSF)Computer Skills', 'TQC-DK 電子商務概論', '專業級'),
('日間部四技', '資管系', '49951112', '99', '2', '0100-06-11', '國內', '(CSF)Computer Skills', 'TQC-DK 電子商務概論', '專業級'),
('日間部四技', '資管系', '49851159', '99', '2', '0100-06-11', '國內', '(CSF)Computer Skills', 'TQC-DK 電子商務概論', '專業級'),
('日間部四技', '資管系', '49851244', '99', '2', '0100-06-11', '國內', '(CSF)Computer Skills', 'TQC-DK 電子商務概論', '專業級'),
('日間部四技', '資管系', '49851202', '99', '2', '0100-06-11', '國內', '(CSF)Computer Skills', 'TQC-DK 電子商務概論', '專業級'),
('日間部四技', '資管系', '49951147', '99', '2', '0100-06-11', '國內', '(CSF)Computer Skills', 'TQC-DK 電子商務概論', '專業級'),
('日間部四技', '資管系', '49951140', '99', '2', '0100-06-11', '國內', '(CSF)Computer Skills', 'TQC-DK 電子商務概論', '專業級'),
('日間部四技', '資管系', '49951109', '99', '2', '0100-06-11', '國內', '(CSF)Computer Skills', 'TQC-DK 電子商務概論', '專業級'),
('日間部四技', '資管系', '49908101', '99', '2', '0100-06-11', '國內', '(CSF)Computer Skills', 'TQC-DK 電子商務概論', '專業級'),
('日間部四技', '資管系', '49951202', '99', '2', '0100-06-11', '國內', '(CSF)Computer Skills', 'TQC-DK 電子商務概論', '專業級'),
('日間部四技', '資管系', '49951143', '99', '2', '0100-06-11', '國內', '(CSF)Computer Skills', 'TQC-DK 電子商務概論', '專業級'),
('日間部四技', '資管系', '49951149', '99', '2', '0100-06-11', '國內', '(CSF)Computer Skills', 'TQC-DK 電子商務概論', '專業級'),
('日間部四技', '資管系', '49951205', '99', '2', '0100-06-11', '國內', '(CSF)Computer Skills', 'TQC-DK 電子商務概論', '專業級'),
('日間部四技', '資管系', '49951108', '99', '2', '0100-06-11', '國內', '(CSF)Computer Skills', 'TQC-DK 電子商務概論', '專業級'),
('日間部四技', '資管系', '49951248', '99', '2', '0100-06-11', '國內', '(CSF)Computer Skills', 'TQC-DK 電子商務概論', '專業級'),
('日間部四技', '資管系', '49951134', '99', '2', '0100-06-11', '國內', '(CSF)Computer Skills', 'TQC-DK 電子商務概論', '專業級'),
('日間部四技', '資管系', '49951347', '99', '2', '0100-06-11', '國內', '(CSF)Computer Skills', 'TQC-DK 電子商務概論', '專業級'),
('日間部四技', '資管系', '49951110', '99', '2', '0100-06-11', '國內', '(CSF)Computer Skills', 'TQC-DK 電子商務概論', '專業級'),
('日間部四技', '資管系', '49951148', '99', '2', '0100-06-11', '國內', '(CSF)Computer Skills', 'TQC-DK 電子商務概論', '專業級'),
('日間部四技', '資管系', '49951150', '99', '2', '0100-06-11', '國內', '(CSF)Computer Skills', 'TQC-DK 電子商務概論', '專業級'),
('日間部四技', '資管系', '49951327', '99', '2', '0100-06-11', '國內', '(CSF)Computer Skills', 'TQC-DK 電子商務概論', '專業級'),
('日間部四技', '資管系', '49951107', '99', '2', '0100-06-11', '國內', '(CSF)Computer Skills', 'TQC-DK 電子商務概論', '專業級'),
('日間部四技', '資管系', '49851145', '99', '2', '0100-06-11', '國內', '(CSF)Computer Skills', 'TQC-DK 電子商務概論', '專業級'),
('日間部四技', '資管系', '49951103', '99', '2', '0100-06-11', '國內', '(CSF)Computer Skills', 'TQC-DK 電子商務概論', '專業級'),
('日間部四技', '資管系', '49951119', '99', '2', '0100-06-11', '國內', '(CSF)Computer Skills', 'TQC-DK 電子商務概論', '專業級'),
('日間部四技', '資管系', '49951210', '99', '2', '0100-06-11', '國內', '(CSF)Computer Skills', 'TQC-DK 電子商務概論', '專業級'),
('日間部四技', '資管系', '49951144', '99', '2', '0100-06-11', '國內', '(CSF)Computer Skills', 'TQC-DK 電子商務概論', '專業級'),
('日間部四技', '資管系', '49951337', '99', '2', '0100-06-11', '國內', '(CSF)Computer Skills', 'TQC-DK 電子商務概論', '專業級'),
('日間部四技', '資管系', '49951217', '99', '2', '0100-06-11', '國內', '(CSF)Computer Skills', 'TQC-DK 電子商務概論', '專業級'),
('日間部四技', '資管系', '49951245', '99', '2', '0100-06-11', '國內', '(CSF)Computer Skills', 'TQC-DK 電子商務概論', '專業級'),
('日間部四技', '資管系', '49951214', '99', '2', '0100-06-11', '國內', '(CSF)Computer Skills', 'TQC-DK 電子商務概論', '專業級'),
('日間部四技', '資管系', '49951157', '99', '2', '0100-06-11', '國內', '(CSF)Computer Skills', 'TQC-DK 電子商務概論', '專業級'),
('日間部四技', '資管系', '49951258', '99', '2', '0100-06-11', '國內', '(CSF)Computer Skills', 'TQC-DK 電子商務概論', '專業級'),
('日間部四技', '資管系', '49951152', '99', '2', '0100-06-11', '國內', '(CSF)Computer Skills', 'TQC-DK 電子商務概論', '專業級'),
('日間部四技', '資管系', '49951153', '99', '2', '0100-06-11', '國內', '(CSF)Computer Skills', 'TQC-DK 電子商務概論', '專業級'),
('日間部四技', '資管系', '49951302', '99', '2', '0100-06-11', '國內', '(CSF)Computer Skills', 'TQC-DK 電子商務概論', '專業級'),
('日間部四技', '資管系', '49851251', '99', '2', '0100-06-11', '國內', '(CSF)Computer Skills', 'TQC-DK 電子商務概論', '專業級'),
('日間部四技', '資管系', '49951155', '99', '2', '0100-06-11', '國內', '(CSF)Computer Skills', 'TQC-DK 電子商務概論', '專業級'),
('日間部四技', '資管系', '49851108', '99', '2', '0100-06-11', '國內', '(CSF)Computer Skills', 'TQC-DK 電子商務概論', '專業級'),
('日間部四技', '資管系', '49951350', '99', '2', '0100-06-11', '國內', '(CSF)Computer Skills', 'TQC-DK 電子商務概論', '專業級'),
('日間部四技', '資管系', '49951124', '99', '2', '0100-06-11', '國內', '(CSF)Computer Skills', 'TQC-DK 電子商務概論', '專業級'),
('日間部四技', '資管系', '49951242', '99', '2', '0100-06-11', '國內', '(CSF)Computer Skills', 'TQC-DK 電子商務概論', '專業級'),
('日間部四技', '資管系', '49951139', '99', '2', '0100-06-11', '國內', '(CSF)Computer Skills', 'TQC-DK 電子商務概論', '專業級'),
('日間部四技', '資管系', '49951353', '99', '2', '0100-06-11', '國內', '(CSF)Computer Skills', 'TQC-DK 電子商務概論', '專業級'),
('日間部四技', '資管系', '40051343', '99', '2', '0100-05-13', '國內', '(CSF)Computer Skills', 'TQC-OA Internet Expl', '專業級'),
('日間部四技', '資管系', '40051305', '99', '2', '0100-05-13', '國內', '(CSF)Computer Skills', 'TQC-OA Internet Expl', '專業級'),
('日間部四技', '資管系', '40051306', '99', '2', '0100-05-13', '國內', '(CSF)Computer Skills', 'TQC-OA Internet Expl', '專業級'),
('日間部四技', '資管系', '40051336', '99', '2', '0100-05-13', '國內', '(CSF)Computer Skills', 'TQC-OA Internet Expl', '專業級'),
('日間部四技', '資管系', '49951331', '99', '2', '0100-06-11', '國內', '(CSF)Computer Skills', 'TQC-OA Internet Expl', '專業級'),
('日間部四技', '資管系', '49951239', '99', '2', '0100-06-11', '國內', '(CSF)Computer Skills', 'TQC-OA Internet Expl', '專業級'),
('日間部四技', '資管系', '49951211', '99', '2', '0100-06-11', '國內', '(CSF)Computer Skills', 'TQC-OA Internet Expl', '專業級'),
('日間部四技', '資管系', '49951233', '99', '2', '0100-06-11', '國內', '(CSF)Computer Skills', 'TQC-OA Internet Expl', '專業級'),
('日間部四技', '資管系', '49951137', '99', '2', '0100-06-11', '國內', '(CSF)Computer Skills', 'TQC-OA Internet Expl', '專業級'),
('日間部四技', '資管系', '49951131', '99', '2', '0100-06-11', '國內', '(CSF)Computer Skills', 'TQC-OA Internet Expl', '專業級'),
('日間部四技', '資管系', '49851138', '99', '2', '0100-06-11', '國內', '(CSF)Computer Skills', 'TQC-OA Internet Expl', '專業級'),
('日間部四技', '資管系', '49951135', '99', '2', '0100-06-11', '國內', '(CSF)Computer Skills', 'TQC-OA Internet Expl', '專業級'),
('日間部四技', '資管系', '49951231', '99', '2', '0100-06-11', '國內', '(CSF)Computer Skills', 'TQC-OA Internet Expl', '專業級'),
('日間部四技', '資管系', '49951220', '99', '2', '0100-06-11', '國內', '(CSF)Computer Skills', 'TQC-OA Internet Expl', '專業級'),
('日間部四技', '資管系', '49951329', '99', '2', '0100-06-11', '國內', '(CSF)Computer Skills', 'TQC-OA Internet Expl', '專業級'),
('日間部四技', '資管系', '49951340', '99', '2', '0100-06-11', '國內', '(CSF)Computer Skills', 'TQC-OA Internet Expl', '專業級'),
('日間部四技', '資管系', '49951138', '99', '2', '0100-06-11', '國內', '(CSF)Computer Skills', 'TQC-OA Internet Expl', '專業級'),
('日間部四技', '資管系', '49951114', '99', '2', '0100-06-11', '國內', '(CSF)Computer Skills', 'TQC-OA Internet Expl', '專業級'),
('日間部四技', '資管系', '49951240', '99', '2', '0100-06-11', '國內', '(CSF)Computer Skills', 'TQC-OA Internet Expl', '專業級'),
('日間部四技', '資管系', '49951308', '99', '2', '0100-06-11', '國內', '(CSF)Computer Skills', 'TQC-OA Internet Expl', '專業級'),
('日間部四技', '資管系', '49951121', '99', '2', '0100-06-11', '國內', '(CSF)Computer Skills', 'TQC-OA Internet Expl', '專業級'),
('日間部四技', '資管系', '49951112', '99', '2', '0100-06-11', '國內', '(CSF)Computer Skills', 'TQC-OA Internet Expl', '專業級'),
('日間部四技', '資管系', '49851159', '99', '2', '0100-06-11', '國內', '(CSF)Computer Skills', 'TQC-OA Internet Expl', '專業級'),
('日間部四技', '資管系', '49851244', '99', '2', '0100-06-11', '國內', '(CSF)Computer Skills', 'TQC-OA Internet Expl', '專業級'),
('日間部四技', '資管系', '49851202', '99', '2', '0100-06-11', '國內', '(CSF)Computer Skills', 'TQC-OA Internet Expl', '專業級'),
('日間部四技', '資管系', '49951147', '99', '2', '0100-06-11', '國內', '(CSF)Computer Skills', 'TQC-OA Internet Expl', '專業級'),
('日間部四技', '資管系', '49951140', '99', '2', '0100-06-11', '國內', '(CSF)Computer Skills', 'TQC-OA Internet Expl', '專業級'),
('日間部四技', '資管系', '49951109', '99', '2', '0100-06-11', '國內', '(CSF)Computer Skills', 'TQC-OA Internet Expl', '專業級'),
('日間部四技', '資管系', '49908101', '99', '2', '0100-06-11', '國內', '(CSF)Computer Skills', 'TQC-OA Internet Expl', '專業級'),
('日間部四技', '資管系', '49951202', '99', '2', '0100-06-11', '國內', '(CSF)Computer Skills', 'TQC-OA Internet Expl', '專業級'),
('日間部四技', '資管系', '49951143', '99', '2', '0100-06-11', '國內', '(CSF)Computer Skills', 'TQC-OA Internet Expl', '專業級'),
('日間部四技', '資管系', '49951149', '99', '2', '0100-06-11', '國內', '(CSF)Computer Skills', 'TQC-OA Internet Expl', '專業級'),
('日間部四技', '資管系', '49951205', '99', '2', '0100-06-11', '國內', '(CSF)Computer Skills', 'TQC-OA Internet Expl', '專業級'),
('日間部四技', '資管系', '49951108', '99', '2', '0100-06-11', '國內', '(CSF)Computer Skills', 'TQC-OA Internet Expl', '專業級'),
('日間部四技', '資管系', '49951248', '99', '2', '0100-06-11', '國內', '(CSF)Computer Skills', 'TQC-OA Internet Expl', '專業級'),
('日間部四技', '資管系', '49951134', '99', '2', '0100-06-11', '國內', '(CSF)Computer Skills', 'TQC-OA Internet Expl', '專業級'),
('日間部四技', '資管系', '49951347', '99', '2', '0100-06-11', '國內', '(CSF)Computer Skills', 'TQC-OA Internet Expl', '專業級'),
('日間部四技', '資管系', '49951110', '99', '2', '0100-06-11', '國內', '(CSF)Computer Skills', 'TQC-OA Internet Expl', '專業級'),
('日間部四技', '資管系', '49951148', '99', '2', '0100-06-11', '國內', '(CSF)Computer Skills', 'TQC-OA Internet Expl', '專業級'),
('日間部四技', '資管系', '49951150', '99', '2', '0100-06-11', '國內', '(CSF)Computer Skills', 'TQC-OA Internet Expl', '專業級'),
('日間部四技', '資管系', '49951327', '99', '2', '0100-06-11', '國內', '(CSF)Computer Skills', 'TQC-OA Internet Expl', '專業級'),
('日間部四技', '資管系', '49851145', '99', '2', '0100-06-11', '國內', '(CSF)Computer Skills', 'TQC-OA Internet Expl', '專業級'),
('日間部四技', '資管系', '49951103', '99', '2', '0100-06-11', '國內', '(CSF)Computer Skills', 'TQC-OA Internet Expl', '專業級'),
('日間部四技', '資管系', '49951119', '99', '2', '0100-06-11', '國內', '(CSF)Computer Skills', 'TQC-OA Internet Expl', '專業級'),
('日間部四技', '資管系', '49951210', '99', '2', '0100-06-11', '國內', '(CSF)Computer Skills', 'TQC-OA Internet Expl', '專業級'),
('日間部四技', '資管系', '49951144', '99', '2', '0100-06-11', '國內', '(CSF)Computer Skills', 'TQC-OA Internet Expl', '專業級'),
('日間部四技', '資管系', '49951337', '99', '2', '0100-06-11', '國內', '(CSF)Computer Skills', 'TQC-OA Internet Expl', '專業級'),
('日間部四技', '資管系', '49951217', '99', '2', '0100-06-11', '國內', '(CSF)Computer Skills', 'TQC-OA Internet Expl', '專業級'),
('日間部四技', '資管系', '49951245', '99', '2', '0100-06-11', '國內', '(CSF)Computer Skills', 'TQC-OA Internet Expl', '專業級'),
('日間部四技', '資管系', '49951214', '99', '2', '0100-06-11', '國內', '(CSF)Computer Skills', 'TQC-OA Internet Expl', '專業級'),
('日間部四技', '資管系', '49951157', '99', '2', '0100-06-11', '國內', '(CSF)Computer Skills', 'TQC-OA Internet Expl', '專業級'),
('日間部四技', '資管系', '49951152', '99', '2', '0100-06-11', '國內', '(CSF)Computer Skills', 'TQC-OA Internet Expl', '專業級'),
('日間部四技', '資管系', '49951153', '99', '2', '0100-06-11', '國內', '(CSF)Computer Skills', 'TQC-OA Internet Expl', '專業級'),
('日間部四技', '資管系', '49951302', '99', '2', '0100-06-11', '國內', '(CSF)Computer Skills', 'TQC-OA Internet Expl', '專業級'),
('日間部四技', '資管系', '49851251', '99', '2', '0100-06-11', '國內', '(CSF)Computer Skills', 'TQC-OA Internet Expl', '專業級'),
('日間部四技', '資管系', '49951155', '99', '2', '0100-06-11', '國內', '(CSF)Computer Skills', 'TQC-OA Internet Expl', '專業級'),
('日間部四技', '資管系', '49851108', '99', '2', '0100-06-11', '國內', '(CSF)Computer Skills', 'TQC-OA Internet Expl', '專業級'),
('日間部四技', '資管系', '49951350', '99', '2', '0100-06-11', '國內', '(CSF)Computer Skills', 'TQC-OA Internet Expl', '專業級'),
('日間部四技', '資管系', '49951124', '99', '2', '0100-06-11', '國內', '(CSF)Computer Skills', 'TQC-OA Internet Expl', '專業級'),
('日間部四技', '資管系', '49951242', '99', '2', '0100-06-11', '國內', '(CSF)Computer Skills', 'TQC-OA Internet Expl', '專業級'),
('日間部四技', '資管系', '49951139', '99', '2', '0100-06-11', '國內', '(CSF)Computer Skills', 'TQC-OA Internet Expl', '專業級'),
('日間部四技', '資管系', '49951353', '99', '2', '0100-06-11', '國內', '(CSF)Computer Skills', 'TQC-OA Internet Expl', '專業級'),
('日間部四技', '資管系', '49951258', '99', '2', '0100-06-11', '國內', '(CSF)Computer Skills', 'TQC-OA Internet Expl', '專業級'),
('日間部四技', '資管系', '49951107', '99', '2', '0100-06-11', '國內', '(CSF)Computer Skills', 'TQC-OA Internet Expl', '專業級'),
('日間部四技', '資管系', '49851108', '99', '2', '0100-06-30', '國內', '(CSF)Computer Skills', 'EEC-EEAP 企業電子化助理規劃師', ''),
('日間部四技', '資管系', '40051139', '100', '1', '0100-12-30', '國外', 'Certiport, Inc.[思遞波公', '(IC3)Internet and Co', ''),
('日間部四技', '資管系', '49851205', '100', '1', '0100-08-26', '國內', '勞工委員會', '中華民國技術士 - 電腦硬體裝修', '丙級'),
('日間部四技', '資管系', '49851208', '100', '1', '0100-08-26', '國內', '勞工委員會', '中華民國技術士 - 電腦硬體裝修', '丙級'),
('日間部四技', '資管系', '40051132', '100', '1', '0100-12-16', '國外', 'Certiport, Inc.[思遞波公', '(IC3)Computing Funda', ''),
('日間部四技', '資管系', '49831207', '100', '1', '0100-08-26', '國內', '勞工委員會', '中華民國技術士 - 電腦硬體裝修', '丙級'),
('日間部四技', '資管系', '49851230', '100', '1', '0100-08-26', '國內', '勞工委員會', '中華民國技術士 - 電腦硬體裝修', '丙級'),
('日間部四技', '資管系', '49851235', '100', '1', '0100-08-26', '國內', '勞工委員會', '中華民國技術士 - 電腦硬體裝修', '丙級'),
('日間部四技', '資管系', '49851105', '100', '1', '0100-11-27', '國內', '勞工委員會', '中華民國技術士 - 電腦硬體裝修', '丙級'),
('日間部四技', '資管系', '40051249', '100', '1', '0100-12-30', '國外', 'Certiport, Inc.[思遞波公', '(IC3)Internet and Co', ''),
('日間部四技', '資管系', '40051102', '100', '1', '0100-12-14', '國內', '(NDI)National Develo', '(GET)Global English ', 'A2 / CEF A'),
('日間部四技', '資管系', '40051128', '100', '1', '0100-12-14', '國內', '(NDI)National Develo', '(GET)Global English ', 'A2 / CEF A'),
('日間部四技', '資管系', '49851205', '100', '1', '0100-12-22', '國外', 'Adobe Systems', 'Adobe Certified Asso', ''),
('日間部四技', '資管系', '49851210', '100', '1', '0100-12-22', '國外', 'Adobe Systems', 'Adobe Certified Asso', ''),
('日間部四技', '資管系', '49851215', '100', '1', '0100-12-22', '國外', 'Adobe Systems', 'Adobe Certified Asso', ''),
('日間部四技', '資管系', '49951315', '100', '1', '0100-12-22', '國外', 'Adobe Systems', 'Adobe Certified Asso', ''),
('日間部四技', '資管系', '49951318', '100', '1', '0100-12-22', '國外', 'Adobe Systems', 'Adobe Certified Asso', ''),
('日間部四技', '資管系', '49851221', '100', '1', '0100-12-22', '國外', 'Adobe Systems', 'Adobe Certified Asso', ''),
('日間部四技', '資管系', '40051260', '100', '1', '0100-12-16', '國外', 'Certiport, Inc.[思遞波公', '(IC3)Computing Funda', ''),
('日間部四技', '資管系', '49851242', '100', '1', '0100-12-22', '國外', 'Adobe Systems', 'Adobe Certified Asso', ''),
('日間部四技', '資管系', '49851235', '100', '1', '0100-12-22', '國外', 'Adobe Systems', 'Adobe Certified Asso', ''),
('日間部四技', '資管系', '49851233', '100', '1', '0100-12-22', '國外', 'Adobe Systems', 'Adobe Certified Asso', ''),
('日間部四技', '資管系', '49851232', '100', '1', '0100-12-22', '國外', 'Adobe Systems', 'Adobe Certified Asso', ''),
('日間部四技', '資管系', '49851241', '100', '1', '0100-12-22', '國外', 'Adobe Systems', 'Adobe Certified Asso', ''),
('日間部四技', '資管系', '49951244', '100', '1', '0100-12-22', '國外', 'Adobe Systems', 'Adobe Certified Asso', ''),
('日間部四技', '資管系', '49951245', '100', '1', '0100-12-22', '國外', 'Adobe Systems', 'Adobe Certified Asso', ''),
('日間部四技', '資管系', '49851252', '100', '1', '0100-12-22', '國外', 'Adobe Systems', 'Adobe Certified Asso', ''),
('日間部四技', '資管系', '49851253', '100', '1', '0100-12-22', '國外', 'Adobe Systems', 'Adobe Certified Asso', ''),
('日間部四技', '資管系', '49851248', '100', '1', '0100-12-22', '國外', 'Adobe Systems', 'Adobe Certified Asso', ''),
('日間部四技', '資管系', '49851249', '100', '1', '0100-12-22', '國外', 'Adobe Systems', 'Adobe Certified Asso', ''),
('日間部四技', '資管系', '49851225', '100', '1', '0100-12-22', '國外', 'Adobe Systems', 'Adobe Certified Asso', ''),
('日間部四技', '資管系', '49851207', '100', '1', '0100-12-22', '國外', 'Adobe Systems', 'Adobe Certified Asso', ''),
('日間部四技', '資管系', '49851258', '100', '1', '0100-12-22', '國外', 'Adobe Systems', 'Adobe Certified Asso', ''),
('日間部四技', '資管系', '49851240', '100', '1', '0101-01-04', '國外', 'Adobe Systems', 'Adobe Certified Asso', ''),
('日間部四技', '資管系', '40051136', '100', '1', '0100-12-30', '國外', 'Certiport, Inc.[思遞波公', '(IC3)Internet and Co', ''),
('日間部四技', '資管系', '40051347', '100', '1', '0100-12-30', '國外', 'Certiport, Inc.[思遞波公', '(IC3)Internet and Co', ''),
('日間部四技', '資管系', '40051159', '100', '1', '0100-12-30', '國外', 'Certiport, Inc.[思遞波公', '(IC3)Internet and Co', ''),
('日間部四技', '資管系', '40051123', '100', '1', '0100-12-30', '國外', 'Certiport, Inc.[思遞波公', '(IC3)Internet and Co', ''),
('日間部四技', '資管系', '49851214', '100', '1', '0100-12-22', '國外', 'Adobe Systems', 'Adobe Certified Asso', ''),
('日間部四技', '資管系', '40051125', '100', '1', '0100-12-16', '國外', 'Certiport, Inc.[思遞波公', '(IC3)Computing Funda', ''),
('日間部四技', '資管系', '40051217', '100', '1', '0100-12-30', '國外', 'Certiport, Inc.[思遞波公', '(IC3)Internet and Co', ''),
('日間部四技', '資管系', '40051343', '100', '1', '0100-12-30', '國外', 'Certiport, Inc.[思遞波公', '(IC3)Internet and Co', ''),
('日間部四技', '資管系', '40051141', '100', '1', '0100-12-30', '國外', 'Certiport, Inc.[思遞波公', '(IC3)Internet and Co', ''),
('日間部四技', '資管系', '40051203', '100', '1', '0100-12-30', '國外', 'Certiport, Inc.[思遞波公', '(IC3)Internet and Co', ''),
('日間部四技', '資管系', '40051304', '100', '1', '0100-12-30', '國外', 'Certiport, Inc.[思遞波公', '(IC3)Internet and Co', ''),
('日間部四技', '資管系', '40051250', '100', '1', '0100-12-30', '國外', 'Certiport, Inc.[思遞波公', '(IC3)Internet and Co', ''),
('日間部四技', '資管系', '40051132', '100', '1', '0100-12-30', '國外', 'Certiport, Inc.[思遞波公', '(IC3)Internet and Co', ''),
('日間部四技', '資管系', '40051260', '100', '1', '0100-12-30', '國外', 'Certiport, Inc.[思遞波公', '(IC3)Internet and Co', ''),
('日間部四技', '資管系', '40051230', '100', '1', '0100-12-30', '國外', 'Certiport, Inc.[思遞波公', '(IC3)Internet and Co', ''),
('日間部四技', '資管系', '40051226', '100', '1', '0100-12-30', '國外', 'Certiport, Inc.[思遞波公', '(IC3)Internet and Co', ''),
('日間部四技', '資管系', '40051325', '100', '1', '0100-12-30', '國外', 'Certiport, Inc.[思遞波公', '(IC3)Internet and Co', ''),
('日間部四技', '資管系', '40051201', '100', '1', '0100-12-30', '國外', 'Certiport, Inc.[思遞波公', '(IC3)Internet and Co', ''),
('日間部四技', '資管系', '40051339', '100', '1', '0100-12-30', '國外', 'Certiport, Inc.[思遞波公', '(IC3)Internet and Co', ''),
('日間部四技', '資管系', '49951326', '100', '1', '0100-12-30', '國外', 'Certiport, Inc.[思遞波公', '(IC3)Internet and Co', ''),
('日間部四技', '資管系', '40051137', '100', '1', '0100-12-30', '國外', 'Certiport, Inc.[思遞波公', '(IC3)Internet and Co', ''),
('日間部四技', '資管系', '40051351', '100', '1', '0100-12-30', '國外', 'Certiport, Inc.[思遞波公', '(IC3)Internet and Co', ''),
('日間部四技', '資管系', '40051352', '100', '1', '0100-12-30', '國外', 'Certiport, Inc.[思遞波公', '(IC3)Internet and Co', ''),
('日間部四技', '資管系', '40051209', '100', '1', '0100-12-30', '國外', 'Certiport, Inc.[思遞波公', '(IC3)Internet and Co', ''),
('日間部四技', '資管系', '40051158', '100', '1', '0100-12-30', '國外', 'Certiport, Inc.[思遞波公', '(IC3)Internet and Co', ''),
('日間部四技', '資管系', '40051248', '100', '1', '0100-12-30', '國外', 'Certiport, Inc.[思遞波公', '(IC3)Internet and Co', ''),
('日間部四技', '資管系', '40051131', '100', '1', '0100-12-30', '國外', 'Certiport, Inc.[思遞波公', '(IC3)Internet and Co', ''),
('日間部四技', '資管系', '40051202', '100', '1', '0100-12-30', '國外', 'Certiport, Inc.[思遞波公', '(IC3)Internet and Co', ''),
('日間部四技', '資管系', '40051119', '100', '1', '0100-12-30', '國外', 'Certiport, Inc.[思遞波公', '(IC3)Internet and Co', ''),
('日間部四技', '資管系', '40051314', '100', '1', '0100-12-30', '國外', 'Certiport, Inc.[思遞波公', '(IC3)Internet and Co', ''),
('日間部四技', '資管系', '40051113', '100', '1', '0100-12-30', '國外', 'Certiport, Inc.[思遞波公', '(IC3)Internet and Co', ''),
('日間部四技', '資管系', '40051342', '100', '1', '0100-12-30', '國外', 'Certiport, Inc.[思遞波公', '(IC3)Internet and Co', ''),
('日間部四技', '資管系', '40051104', '100', '1', '0100-12-30', '國外', 'Certiport, Inc.[思遞波公', '(IC3)Internet and Co', ''),
('日間部四技', '資管系', '40051345', '100', '1', '0100-12-30', '國外', 'Certiport, Inc.[思遞波公', '(IC3)Internet and Co', ''),
('日間部四技', '資管系', '40051121', '100', '1', '0100-12-30', '國外', 'Certiport, Inc.[思遞波公', '(IC3)Internet and Co', ''),
('日間部四技', '資管系', '40051114', '100', '1', '0100-12-30', '國外', 'Certiport, Inc.[思遞波公', '(IC3)Internet and Co', ''),
('日間部四技', '資管系', '40051107', '100', '1', '0100-12-30', '國外', 'Certiport, Inc.[思遞波公', '(IC3)Internet and Co', ''),
('日間部四技', '資管系', '40051328', '100', '1', '0100-12-30', '國外', 'Certiport, Inc.[思遞波公', '(IC3)Internet and Co', ''),
('日間部四技', '資管系', '40051112', '100', '1', '0100-12-30', '國外', 'Certiport, Inc.[思遞波公', '(IC3)Internet and Co', ''),
('日間部四技', '資管系', '40051243', '100', '1', '0100-12-30', '國外', 'Certiport, Inc.[思遞波公', '(IC3)Internet and Co', ''),
('日間部四技', '資管系', '40051148', '100', '1', '0100-12-30', '國外', 'Certiport, Inc.[思遞波公', '(IC3)Internet and Co', ''),
('日間部四技', '資管系', '49851155', '100', '1', '0100-08-23', '國內', '勞工委員會', '中華民國技術士 - 電腦硬體裝修', '丙級'),
('日間部四技', '資管系', '49831207', '100', '1', '0100-12-16', '國外', 'Certiport, Inc.[思遞波公', '(IC3)Computing Funda', ''),
('日間部四技', '資管系', '40051226', '100', '1', '0100-12-16', '國外', 'Certiport, Inc.[思遞波公', '(IC3)Computing Funda', ''),
('日間部四技', '資管系', '40051319', '100', '1', '0100-12-14', '國內', '(NDI)National Develo', '(GET)Global English ', 'A2 / CEF A'),
('日間部四技', '資管系', '40051154', '100', '1', '0100-12-30', '國外', 'Certiport, Inc.[思遞波公', '(IC3)Internet and Co', ''),
('日間部四技', '資管系', '40051242', '100', '1', '0100-12-30', '國外', 'Certiport, Inc.[思遞波公', '(IC3)Internet and Co', ''),
('日間部四技', '資管系', '40051124', '100', '1', '0100-12-30', '國外', 'Certiport, Inc.[思遞波公', '(IC3)Internet and Co', ''),
('日間部四技', '資管系', '40051207', '100', '1', '0100-12-30', '國外', 'Certiport, Inc.[思遞波公', '(IC3)Internet and Co', ''),
('日間部四技', '資管系', '40051311', '100', '1', '0100-12-30', '國外', 'Certiport, Inc.[思遞波公', '(IC3)Internet and Co', ''),
('日間部四技', '資管系', '40051312', '100', '1', '0100-12-30', '國外', 'Certiport, Inc.[思遞波公', '(IC3)Internet and Co', ''),
('日間部四技', '資管系', '40051229', '100', '1', '0101-01-12', '國外', 'Certiport, Inc.[思遞波公', '(IC3)Internet and Co', ''),
('日間部四技', '資管系', '40051305', '100', '1', '0101-01-12', '國外', 'Certiport, Inc.[思遞波公', '(IC3)Internet and Co', ''),
('日間部四技', '資管系', '40051341', '100', '1', '0101-01-12', '國外', 'Certiport, Inc.[思遞波公', '(IC3)Internet and Co', ''),
('日間部四技', '資管系', '40051236', '100', '1', '0101-01-12', '國外', 'Certiport, Inc.[思遞波公', '(IC3)Internet and Co', ''),
('日間部四技', '資管系', '40051125', '100', '1', '0101-01-12', '國外', 'Certiport, Inc.[思遞波公', '(IC3)Internet and Co', ''),
('日間部四技', '資管系', '40051138', '100', '1', '0101-01-12', '國外', 'Certiport, Inc.[思遞波公', '(IC3)Internet and Co', ''),
('日間部四技', '資管系', '40051120', '100', '1', '0101-01-12', '國外', 'Certiport, Inc.[思遞波公', '(IC3)Internet and Co', ''),
('日間部四技', '資管系', '40051306', '100', '1', '0101-01-12', '國外', 'Certiport, Inc.[思遞波公', '(IC3)Internet and Co', ''),
('日間部四技', '資管系', '40051102', '100', '1', '0101-01-12', '國外', 'Certiport, Inc.[思遞波公', '(IC3)Internet and Co', ''),
('日間部四技', '資管系', '40051353', '100', '1', '0101-01-12', '國外', 'Certiport, Inc.[思遞波公', '(IC3)Internet and Co', ''),
('日間部四技', '資管系', '40051261', '100', '1', '0100-12-23', '國外', 'Certiport, Inc.[思遞波公', '(IC3) Key Applicatio', ''),
('日間部四技', '資管系', '40051123', '100', '1', '0100-12-23', '國外', 'Certiport, Inc.[思遞波公', '(IC3) Key Applicatio', ''),
('日間部四技', '資管系', '40051217', '100', '1', '0100-12-23', '國外', 'Certiport, Inc.[思遞波公', '(IC3) Key Applicatio', ''),
('日間部四技', '資管系', '40051141', '100', '1', '0100-12-23', '國外', 'Certiport, Inc.[思遞波公', '(IC3) Key Applicatio', ''),
('日間部四技', '資管系', '40051305', '100', '1', '0100-12-23', '國外', 'Certiport, Inc.[思遞波公', '(IC3) Key Applicatio', ''),
('日間部四技', '資管系', '40051203', '100', '1', '0100-12-23', '國外', 'Certiport, Inc.[思遞波公', '(IC3) Key Applicatio', ''),
('日間部四技', '資管系', '40051250', '100', '1', '0100-12-23', '國外', 'Certiport, Inc.[思遞波公', '(IC3) Key Applicatio', ''),
('日間部四技', '資管系', '40051132', '100', '1', '0100-12-23', '國外', 'Certiport, Inc.[思遞波公', '(IC3) Key Applicatio', ''),
('日間部四技', '資管系', '40051260', '100', '1', '0100-12-23', '國外', 'Certiport, Inc.[思遞波公', '(IC3) Key Applicatio', ''),
('日間部四技', '資管系', '40051226', '100', '1', '0100-12-23', '國外', 'Certiport, Inc.[思遞波公', '(IC3) Key Applicatio', ''),
('日間部四技', '資管系', '49831207', '100', '1', '0100-12-23', '國外', 'Certiport, Inc.[思遞波公', '(IC3) Key Applicatio', ''),
('日間部四技', '資管系', '40051125', '100', '1', '0100-12-23', '國外', 'Certiport, Inc.[思遞波公', '(IC3) Key Applicatio', ''),
('日間部四技', '資管系', '40051351', '100', '1', '0100-12-23', '國外', 'Certiport, Inc.[思遞波公', '(IC3) Key Applicatio', ''),
('日間部四技', '資管系', '40051209', '100', '1', '0100-12-23', '國外', 'Certiport, Inc.[思遞波公', '(IC3) Key Applicatio', ''),
('日間部四技', '資管系', '40051248', '100', '1', '0100-12-23', '國外', 'Certiport, Inc.[思遞波公', '(IC3) Key Applicatio', ''),
('日間部四技', '資管系', '40051131', '100', '1', '0100-12-23', '國外', 'Certiport, Inc.[思遞波公', '(IC3) Key Applicatio', ''),
('日間部四技', '資管系', '40051202', '100', '1', '0100-12-23', '國外', 'Certiport, Inc.[思遞波公', '(IC3) Key Applicatio', ''),
('日間部四技', '資管系', '40051119', '100', '1', '0100-12-23', '國外', 'Certiport, Inc.[思遞波公', '(IC3) Key Applicatio', ''),
('日間部四技', '資管系', '40051113', '100', '1', '0100-12-23', '國外', 'Certiport, Inc.[思遞波公', '(IC3) Key Applicatio', ''),
('日間部四技', '資管系', '40051104', '100', '1', '0100-12-23', '國外', 'Certiport, Inc.[思遞波公', '(IC3) Key Applicatio', ''),
('日間部四技', '資管系', '40051328', '100', '1', '0100-12-23', '國外', 'Certiport, Inc.[思遞波公', '(IC3) Key Applicatio', ''),
('日間部四技', '資管系', '40051105', '100', '1', '0100-12-23', '國外', 'Certiport, Inc.[思遞波公', '(IC3) Key Applicatio', ''),
('日間部四技', '資管系', '40051139', '100', '1', '0100-12-23', '國外', 'Certiport, Inc.[思遞波公', '(IC3) Key Applicatio', ''),
('日間部四技', '資管系', '40051249', '100', '1', '0100-12-23', '國外', 'Certiport, Inc.[思遞波公', '(IC3) Key Applicatio', ''),
('日間部四技', '資管系', '40051242', '100', '1', '0100-12-23', '國外', 'Certiport, Inc.[思遞波公', '(IC3) Key Applicatio', ''),
('日間部四技', '資管系', '40051124', '100', '1', '0100-12-23', '國外', 'Certiport, Inc.[思遞波公', '(IC3) Key Applicatio', ''),
('日間部四技', '資管系', '40051207', '100', '1', '0100-12-23', '國外', 'Certiport, Inc.[思遞波公', '(IC3) Key Applicatio', ''),
('日間部四技', '資管系', '40051261', '100', '1', '0100-12-30', '國外', 'Certiport, Inc.[思遞波公', '(IC3) Living Online', ''),
('日間部四技', '資管系', '40051123', '100', '1', '0100-12-30', '國外', 'Certiport, Inc.[思遞波公', '(IC3) Living Online', ''),
('日間部四技', '資管系', '40051217', '100', '1', '0100-12-30', '國外', 'Certiport, Inc.[思遞波公', '(IC3) Living Online', ''),
('日間部四技', '資管系', '40051343', '100', '1', '0100-12-30', '國外', 'Certiport, Inc.[思遞波公', '(IC3) Living Online', ''),
('日間部四技', '資管系', '40051141', '100', '1', '0100-12-30', '國外', 'Certiport, Inc.[思遞波公', '(IC3) Living Online', ''),
('日間部四技', '資管系', '40051305', '100', '1', '0100-12-30', '國外', 'Certiport, Inc.[思遞波公', '(IC3) Living Online', ''),
('日間部四技', '資管系', '40051250', '100', '1', '0100-12-30', '國外', 'Certiport, Inc.[思遞波公', '(IC3) Living Online', ''),
('日間部四技', '資管系', '40051132', '100', '1', '0100-12-30', '國外', 'Certiport, Inc.[思遞波公', '(IC3) Living Online', ''),
('日間部四技', '資管系', '40051260', '100', '1', '0100-12-30', '國外', 'Certiport, Inc.[思遞波公', '(IC3) Living Online', ''),
('日間部四技', '資管系', '40051226', '100', '1', '0100-12-30', '國外', 'Certiport, Inc.[思遞波公', '(IC3) Living Online', ''),
('日間部四技', '資管系', '40051125', '100', '1', '0100-12-30', '國外', 'Certiport, Inc.[思遞波公', '(IC3) Living Online', ''),
('日間部四技', '資管系', '40051351', '100', '1', '0100-12-30', '國外', 'Certiport, Inc.[思遞波公', '(IC3) Living Online', ''),
('日間部四技', '資管系', '40051209', '100', '1', '0100-12-30', '國外', 'Certiport, Inc.[思遞波公', '(IC3) Living Online', ''),
('日間部四技', '資管系', '40051138', '100', '1', '0100-12-30', '國外', 'Certiport, Inc.[思遞波公', '(IC3) Living Online', ''),
('日間部四技', '資管系', '40051131', '100', '1', '0100-12-30', '國外', 'Certiport, Inc.[思遞波公', '(IC3) Living Online', ''),
('日間部四技', '資管系', '40051202', '100', '1', '0100-12-30', '國外', 'Certiport, Inc.[思遞波公', '(IC3) Living Online', ''),
('日間部四技', '資管系', '40051119', '100', '1', '0100-12-30', '國外', 'Certiport, Inc.[思遞波公', '(IC3) Living Online', ''),
('日間部四技', '資管系', '40051120', '100', '1', '0100-12-30', '國外', 'Certiport, Inc.[思遞波公', '(IC3) Living Online', ''),
('日間部四技', '資管系', '40051113', '100', '1', '0100-12-30', '國外', 'Certiport, Inc.[思遞波公', '(IC3) Living Online', ''),
('日間部四技', '資管系', '40051104', '100', '1', '0100-12-30', '國外', 'Certiport, Inc.[思遞波公', '(IC3) Living Online', ''),
('日間部四技', '資管系', '40051328', '100', '1', '0100-12-30', '國外', 'Certiport, Inc.[思遞波公', '(IC3) Living Online', ''),
('日間部四技', '資管系', '40051105', '100', '1', '0100-12-30', '國外', 'Certiport, Inc.[思遞波公', '(IC3) Living Online', ''),
('日間部四技', '資管系', '40051148', '100', '1', '0100-12-30', '國外', 'Certiport, Inc.[思遞波公', '(IC3) Living Online', ''),
('日間部四技', '資管系', '40051139', '100', '1', '0100-12-30', '國外', 'Certiport, Inc.[思遞波公', '(IC3) Living Online', ''),
('日間部四技', '資管系', '40051249', '100', '1', '0100-12-30', '國外', 'Certiport, Inc.[思遞波公', '(IC3) Living Online', ''),
('日間部四技', '資管系', '40051124', '100', '1', '0100-12-30', '國外', 'Certiport, Inc.[思遞波公', '(IC3) Living Online', ''),
('日間部四技', '資管系', '40051207', '100', '1', '0100-12-30', '國外', 'Certiport, Inc.[思遞波公', '(IC3) Living Online', ''),
('日間部四技', '資管系', '40051261', '100', '1', '0100-12-16', '國外', 'Certiport, Inc.[思遞波公', '(IC3)Computing Funda', ''),
('日間部四技', '資管系', '40051123', '100', '1', '0100-12-16', '國外', 'Certiport, Inc.[思遞波公', '(IC3)Computing Funda', ''),
('日間部四技', '資管系', '40051343', '100', '1', '0100-12-16', '國外', 'Certiport, Inc.[思遞波公', '(IC3)Computing Funda', ''),
('日間部四技', '資管系', '40051141', '100', '1', '0100-12-16', '國外', 'Certiport, Inc.[思遞波公', '(IC3)Computing Funda', ''),
('日間部四技', '資管系', '40051305', '100', '1', '0100-12-16', '國外', 'Certiport, Inc.[思遞波公', '(IC3)Computing Funda', ''),
('日間部四技', '資管系', '40051319', '100', '1', '0100-12-30', '國外', 'Certiport, Inc.[思遞波公', '(IC3)Internet and Co', ''),
('日間部四技', '資管系', '49851119', '100', '1', '0100-08-23', '國內', '勞工委員會', '中華民國技術士 - 電腦硬體裝修', '丙級'),
('日間部四技', '資管系', '40051310', '100', '1', '0100-12-30', '國外', 'Certiport, Inc.[思遞波公', '(IC3)Internet and Co', ''),
('日間部四技', '資管系', '40051225', '100', '1', '0100-12-30', '國外', 'Certiport, Inc.[思遞波公', '(IC3)Internet and Co', ''),
('日間部四技', '資管系', '40051321', '100', '1', '0100-12-30', '國外', 'Certiport, Inc.[思遞波公', '(IC3)Internet and Co', ''),
('日間部四技', '資管系', '40051351', '100', '1', '0100-12-16', '國外', 'Certiport, Inc.[思遞波公', '(IC3)Computing Funda', ''),
('日間部四技', '資管系', '40051209', '100', '1', '0100-12-16', '國外', 'Certiport, Inc.[思遞波公', '(IC3)Computing Funda', ''),
('日間部四技', '資管系', '40051248', '100', '1', '0100-12-16', '國外', 'Certiport, Inc.[思遞波公', '(IC3)Computing Funda', ''),
('日間部四技', '資管系', '40051131', '100', '1', '0100-12-16', '國外', 'Certiport, Inc.[思遞波公', '(IC3)Computing Funda', ''),
('日間部四技', '資管系', '40051202', '100', '1', '0100-12-16', '國外', 'Certiport, Inc.[思遞波公', '(IC3)Computing Funda', ''),
('日間部四技', '資管系', '40051119', '100', '1', '0100-12-16', '國外', 'Certiport, Inc.[思遞波公', '(IC3)Computing Funda', ''),
('日間部四技', '資管系', '40051113', '100', '1', '0100-12-16', '國外', 'Certiport, Inc.[思遞波公', '(IC3)Computing Funda', ''),
('日間部四技', '資管系', '40051104', '100', '1', '0100-12-16', '國外', 'Certiport, Inc.[思遞波公', '(IC3)Computing Funda', ''),
('日間部四技', '資管系', '40051328', '100', '1', '0100-12-16', '國外', 'Certiport, Inc.[思遞波公', '(IC3)Computing Funda', '');
INSERT INTO `data` (`學制`, `科系`, `學號`, `考取學年`, `考取學期`, `證照生效日期`, `國內國外`, `發證單位`, `證照名稱`, `級別`) VALUES
('日間部四技', '資管系', '40051105', '100', '1', '0100-12-16', '國外', 'Certiport, Inc.[思遞波公', '(IC3)Computing Funda', ''),
('日間部四技', '資管系', '40051139', '100', '1', '0100-12-16', '國外', 'Certiport, Inc.[思遞波公', '(IC3)Computing Funda', ''),
('日間部四技', '資管系', '40051249', '100', '1', '0100-12-16', '國外', 'Certiport, Inc.[思遞波公', '(IC3)Computing Funda', ''),
('日間部四技', '資管系', '40051242', '100', '1', '0100-12-16', '國外', 'Certiport, Inc.[思遞波公', '(IC3)Computing Funda', ''),
('日間部四技', '資管系', '40051124', '100', '1', '0100-12-16', '國外', 'Certiport, Inc.[思遞波公', '(IC3)Computing Funda', ''),
('日間部四技', '資管系', '40051207', '100', '1', '0100-12-16', '國外', 'Certiport, Inc.[思遞波公', '(IC3)Computing Funda', ''),
('日間部四技', '資管系', '49851132', '100', '1', '0100-11-11', '國外', 'EPCglobal', 'Foundation Certifica', ''),
('日間部四技', '資管系', '49851144', '100', '1', '0100-11-11', '國外', 'EPCglobal', 'Foundation Certifica', ''),
('日間部四技', '資管系', '49851125', '100', '1', '0100-11-11', '國外', 'EPCglobal', 'Foundation Certifica', ''),
('日間部四技', '資管系', '49851104', '100', '1', '0100-11-11', '國外', 'EPCglobal', 'Foundation Certifica', ''),
('日間部四技', '資管系', '49851155', '100', '1', '0100-11-11', '國外', 'EPCglobal', 'Foundation Certifica', ''),
('日間部四技', '資管系', '49851235', '100', '1', '0100-11-11', '國外', 'EPCglobal', 'Foundation Certifica', ''),
('日間部四技', '資管系', '49851251', '100', '1', '0100-11-11', '國外', 'EPCglobal', 'Foundation Certifica', ''),
('日間部四技', '資管系', '49851108', '100', '1', '0100-11-11', '國外', 'EPCglobal', 'Foundation Certifica', ''),
('日間部四技', '資管系', '49951211', '100', '1', '0101-01-04', '國內', '(GS1 Taiwan) 中華民國商品條', 'GS1條碼管理師證書', ''),
('日間部四技', '資管系', '49951219', '100', '1', '0101-01-04', '國內', '(GS1 Taiwan) 中華民國商品條', 'GS1條碼管理師證書', ''),
('日間部四技', '資管系', '49951221', '100', '1', '0101-01-04', '國內', '(GS1 Taiwan) 中華民國商品條', 'GS1條碼管理師證書', ''),
('日間部四技', '資管系', '49851208', '100', '1', '0101-01-04', '國內', '(GS1 Taiwan) 中華民國商品條', 'GS1條碼管理師證書', ''),
('日間部四技', '資管系', '49951334', '100', '1', '0101-01-04', '國內', '(GS1 Taiwan) 中華民國商品條', 'GS1條碼管理師證書', ''),
('日間部四技', '資管系', '49951317', '100', '1', '0101-01-04', '國內', '(GS1 Taiwan) 中華民國商品條', 'GS1條碼管理師證書', ''),
('日間部四技', '資管系', '49951222', '100', '1', '0101-01-04', '國內', '(GS1 Taiwan) 中華民國商品條', 'GS1條碼管理師證書', ''),
('日間部四技', '資管系', '49951212', '100', '1', '0101-01-04', '國內', '(GS1 Taiwan) 中華民國商品條', 'GS1條碼管理師證書', ''),
('日間部四技', '資管系', '49951335', '100', '1', '0101-01-04', '國內', '(GS1 Taiwan) 中華民國商品條', 'GS1條碼管理師證書', ''),
('日間部四技', '資管系', '49951217', '100', '1', '0101-01-04', '國內', '(GS1 Taiwan) 中華民國商品條', 'GS1條碼管理師證書', ''),
('日間部四技', '資管系', '49951257', '100', '1', '0101-01-04', '國內', '(GS1 Taiwan) 中華民國商品條', 'GS1條碼管理師證書', ''),
('日間部四技', '資管系', '49951105', '100', '1', '0100-12-07', '國內', '(GS1 Taiwan) 中華民國商品條', 'GS1條碼管理師證書', ''),
('日間部四技', '資管系', '49951330', '100', '1', '0100-12-07', '國內', '(GS1 Taiwan) 中華民國商品條', 'GS1條碼管理師證書', ''),
('日間部四技', '資管系', '49951331', '100', '1', '0100-12-07', '國內', '(GS1 Taiwan) 中華民國商品條', 'GS1條碼管理師證書', ''),
('日間部四技', '資管系', '49951233', '100', '1', '0100-12-07', '國內', '(GS1 Taiwan) 中華民國商品條', 'GS1條碼管理師證書', ''),
('日間部四技', '資管系', '49951137', '100', '1', '0100-12-07', '國內', '(GS1 Taiwan) 中華民國商品條', 'GS1條碼管理師證書', ''),
('日間部四技', '資管系', '49951131', '100', '1', '0100-12-07', '國內', '(GS1 Taiwan) 中華民國商品條', 'GS1條碼管理師證書', ''),
('日間部四技', '資管系', '49951319', '100', '1', '0100-12-07', '國內', '(GS1 Taiwan) 中華民國商品條', 'GS1條碼管理師證書', ''),
('日間部四技', '資管系', '49951133', '100', '1', '0100-12-07', '國內', '(GS1 Taiwan) 中華民國商品條', 'GS1條碼管理師證書', ''),
('日間部四技', '資管系', '49951129', '100', '1', '0100-12-07', '國內', '(GS1 Taiwan) 中華民國商品條', 'GS1條碼管理師證書', ''),
('日間部四技', '資管系', '49951234', '100', '1', '0100-12-07', '國內', '(GS1 Taiwan) 中華民國商品條', 'GS1條碼管理師證書', ''),
('日間部四技', '資管系', '49951329', '100', '1', '0100-12-07', '國內', '(GS1 Taiwan) 中華民國商品條', 'GS1條碼管理師證書', ''),
('日間部四技', '資管系', '49951130', '100', '1', '0100-12-07', '國內', '(GS1 Taiwan) 中華民國商品條', 'GS1條碼管理師證書', ''),
('日間部四技', '資管系', '49951227', '100', '1', '0100-12-07', '國內', '(GS1 Taiwan) 中華民國商品條', 'GS1條碼管理師證書', ''),
('日間部四技', '資管系', '49951307', '100', '1', '0100-12-04', '國內', '(GS1 Taiwan) 中華民國商品條', 'GS1條碼管理師證書', ''),
('日間部四技', '資管系', '49951340', '100', '1', '0100-12-07', '國內', '(GS1 Taiwan) 中華民國商品條', 'GS1條碼管理師證書', ''),
('日間部四技', '資管系', '49951308', '100', '1', '0100-12-07', '國內', '(GS1 Taiwan) 中華民國商品條', 'GS1條碼管理師證書', ''),
('日間部四技', '資管系', '49951112', '100', '1', '0100-12-07', '國內', '(GS1 Taiwan) 中華民國商品條', 'GS1條碼管理師證書', ''),
('日間部四技', '資管系', '49951147', '100', '1', '0100-12-07', '國內', '(GS1 Taiwan) 中華民國商品條', 'GS1條碼管理師證書', ''),
('日間部四技', '資管系', '49951109', '100', '1', '0100-12-07', '國內', '(GS1 Taiwan) 中華民國商品條', 'GS1條碼管理師證書', ''),
('日間部四技', '資管系', '49908101', '100', '1', '0100-12-07', '國內', '(GS1 Taiwan) 中華民國商品條', 'GS1條碼管理師證書', ''),
('日間部四技', '資管系', '49951151', '100', '1', '0100-12-07', '國內', '(GS1 Taiwan) 中華民國商品條', 'GS1條碼管理師證書', ''),
('日間部四技', '資管系', '49951202', '100', '1', '0100-12-07', '國內', '(GS1 Taiwan) 中華民國商品條', 'GS1條碼管理師證書', ''),
('日間部四技', '資管系', '49951143', '100', '1', '0100-12-07', '國內', '(GS1 Taiwan) 中華民國商品條', 'GS1條碼管理師證書', ''),
('日間部四技', '資管系', '49951149', '100', '1', '0100-12-04', '國內', '(GS1 Taiwan) 中華民國商品條', 'GS1條碼管理師證書', ''),
('日間部四技', '資管系', '49951205', '100', '1', '0100-12-07', '國內', '(GS1 Taiwan) 中華民國商品條', 'GS1條碼管理師證書', ''),
('日間部四技', '資管系', '49951310', '100', '1', '0100-12-07', '國內', '(GS1 Taiwan) 中華民國商品條', 'GS1條碼管理師證書', ''),
('日間部四技', '資管系', '49951203', '100', '1', '0100-12-07', '國內', '(GS1 Taiwan) 中華民國商品條', 'GS1條碼管理師證書', ''),
('日間部四技', '資管系', '49951108', '100', '1', '0100-12-07', '國內', '(GS1 Taiwan) 中華民國商品條', 'GS1條碼管理師證書', ''),
('日間部四技', '資管系', '49951248', '100', '1', '0100-12-07', '國內', '(GS1 Taiwan) 中華民國商品條', 'GS1條碼管理師證書', ''),
('日間部四技', '資管系', '49951134', '100', '1', '0100-12-07', '國內', '(GS1 Taiwan) 中華民國商品條', 'GS1條碼管理師證書', ''),
('日間部四技', '資管系', '49951306', '100', '1', '0100-12-07', '國內', '(GS1 Taiwan) 中華民國商品條', 'GS1條碼管理師證書', ''),
('日間部四技', '資管系', '49951110', '100', '1', '0100-12-07', '國內', '(GS1 Taiwan) 中華民國商品條', 'GS1條碼管理師證書', ''),
('日間部四技', '資管系', '49951148', '100', '1', '0100-12-07', '國內', '(GS1 Taiwan) 中華民國商品條', 'GS1條碼管理師證書', ''),
('日間部四技', '資管系', '49951206', '100', '1', '0100-12-07', '國內', '(GS1 Taiwan) 中華民國商品條', 'GS1條碼管理師證書', ''),
('日間部四技', '資管系', '49951252', '100', '1', '0100-12-07', '國內', '(GS1 Taiwan) 中華民國商品條', 'GS1條碼管理師證書', ''),
('日間部四技', '資管系', '49951103', '100', '1', '0100-12-07', '國內', '(GS1 Taiwan) 中華民國商品條', 'GS1條碼管理師證書', ''),
('日間部四技', '資管系', '49951119', '100', '1', '0100-12-07', '國內', '(GS1 Taiwan) 中華民國商品條', 'GS1條碼管理師證書', ''),
('日間部四技', '資管系', '49951210', '100', '1', '0100-12-07', '國內', '(GS1 Taiwan) 中華民國商品條', 'GS1條碼管理師證書', ''),
('日間部四技', '資管系', '49951348', '100', '1', '0100-12-07', '國內', '(GS1 Taiwan) 中華民國商品條', 'GS1條碼管理師證書', ''),
('日間部四技', '資管系', '49951214', '100', '1', '0100-12-07', '國內', '(GS1 Taiwan) 中華民國商品條', 'GS1條碼管理師證書', ''),
('日間部四技', '資管系', '49951157', '100', '1', '0100-12-07', '國內', '(GS1 Taiwan) 中華民國商品條', 'GS1條碼管理師證書', ''),
('日間部四技', '資管系', '49951258', '100', '1', '0100-12-07', '國內', '(GS1 Taiwan) 中華民國商品條', 'GS1條碼管理師證書', ''),
('日間部四技', '資管系', '49951152', '100', '1', '0100-12-07', '國內', '(GS1 Taiwan) 中華民國商品條', 'GS1條碼管理師證書', ''),
('日間部四技', '資管系', '49951153', '100', '1', '0100-12-07', '國內', '(GS1 Taiwan) 中華民國商品條', 'GS1條碼管理師證書', ''),
('日間部四技', '資管系', '49951302', '100', '1', '0100-12-07', '國內', '(GS1 Taiwan) 中華民國商品條', 'GS1條碼管理師證書', ''),
('日間部四技', '資管系', '49951253', '100', '1', '0100-12-07', '國內', '(GS1 Taiwan) 中華民國商品條', 'GS1條碼管理師證書', ''),
('日間部四技', '資管系', '49951155', '100', '1', '0100-12-07', '國內', '(GS1 Taiwan) 中華民國商品條', 'GS1條碼管理師證書', ''),
('日間部四技', '資管系', '49951350', '100', '1', '0100-12-07', '國內', '(GS1 Taiwan) 中華民國商品條', 'GS1條碼管理師證書', ''),
('日間部四技', '資管系', '49951159', '100', '1', '0100-12-07', '國內', '(GS1 Taiwan) 中華民國商品條', 'GS1條碼管理師證書', ''),
('日間部四技', '資管系', '49951201', '100', '1', '0100-12-07', '國內', '(GS1 Taiwan) 中華民國商品條', 'GS1條碼管理師證書', ''),
('日間部四技', '資管系', '49951242', '100', '1', '0100-12-07', '國內', '(GS1 Taiwan) 中華民國商品條', 'GS1條碼管理師證書', ''),
('日間部四技', '資管系', '49951204', '100', '1', '0100-12-07', '國內', '(GS1 Taiwan) 中華民國商品條', 'GS1條碼管理師證書', ''),
('日間部四技', '資管系', '49951254', '100', '1', '0100-12-07', '國內', '(GS1 Taiwan) 中華民國商品條', 'GS1條碼管理師證書', ''),
('日間部四技', '資管系', '40051261', '100', '1', '0100-12-30', '國外', 'Certiport, Inc.[思遞波公', '(IC3)Internet and Co', ''),
('日間部四技', '資管系', '49831207', '100', '1', '0100-12-30', '國外', 'Certiport, Inc.[思遞波公', '(IC3)Internet and Co', ''),
('日間部四技', '資管系', '40051130', '100', '1', '0100-12-30', '國外', 'Certiport, Inc.[思遞波公', '(IC3)Internet and Co', ''),
('日間部四技', '資管系', '40051134', '100', '1', '0100-12-30', '國外', 'Certiport, Inc.[思遞波公', '(IC3)Internet and Co', ''),
('日間部四技', '資管系', '40051343', '100', '1', '0100-12-23', '國外', 'Certiport, Inc.[思遞波公', '(IC3) Key Applicatio', ''),
('日間部四技', '資管系', '40051138', '100', '1', '0100-12-23', '國外', 'Certiport, Inc.[思遞波公', '(IC3) Key Applicatio', ''),
('日間部四技', '資管系', '40051148', '100', '1', '0100-12-23', '國外', 'Certiport, Inc.[思遞波公', '(IC3) Key Applicatio', ''),
('日間部四技', '資管系', '40051203', '100', '1', '0100-12-30', '國外', 'Certiport, Inc.[思遞波公', '(IC3) Living Online', ''),
('日間部四技', '資管系', '40051248', '100', '1', '0100-12-30', '國外', 'Certiport, Inc.[思遞波公', '(IC3) Living Online', ''),
('日間部四技', '資管系', '40051242', '100', '1', '0100-12-30', '國外', 'Certiport, Inc.[思遞波公', '(IC3) Living Online', ''),
('日間部四技', '資管系', '40051250', '100', '1', '0100-12-16', '國外', 'Certiport, Inc.[思遞波公', '(IC3)Computing Funda', ''),
('日間部四技', '資管系', '40051120', '100', '1', '0100-12-16', '國外', 'Certiport, Inc.[思遞波公', '(IC3)Computing Funda', ''),
('日間部四技', '資管系', '40051138', '100', '1', '0101-01-12', '國外', 'Certiport, Inc.[思遞波公', '(IC3)Computing Funda', ''),
('日間部四技', '資管系', '49951132', '100', '1', '0101-01-04', '國內', '(GS1 Taiwan) 中華民國商品條', 'GS1條碼管理師證書', ''),
('日間部四技', '資管系', '49951238', '100', '1', '0101-01-04', '國內', '(GS1 Taiwan) 中華民國商品條', 'GS1條碼管理師證書', ''),
('日間部四技', '資管系', '49951229', '100', '1', '0100-12-07', '國內', '(GS1 Taiwan) 中華民國商品條', 'GS1條碼管理師證書', ''),
('日間部四技', '資管系', '49951305', '100', '1', '0100-12-07', '國內', '(GS1 Taiwan) 中華民國商品條', 'GS1條碼管理師證書', ''),
('日間部四技', '資管系', '49951347', '100', '1', '0100-12-07', '國內', '(GS1 Taiwan) 中華民國商品條', 'GS1條碼管理師證書', ''),
('日間部四技', '資管系', '49951337', '100', '1', '0100-12-07', '國內', '(GS1 Taiwan) 中華民國商品條', 'GS1條碼管理師證書', ''),
('日間部四技', '資管系', '49951354', '100', '1', '0100-12-07', '國內', '(GS1 Taiwan) 中華民國商品條', 'GS1條碼管理師證書', ''),
('日間部四技', '資管系', '40051157', '100', '1', '0100-12-30', '國外', 'Certiport, Inc.[思遞波公', '(IC3)Internet and Co', ''),
('日間部四技', '資管系', '40051105', '100', '1', '0100-12-30', '國外', 'Certiport, Inc.[思遞波公', '(IC3)Internet and Co', ''),
('日間部四技', '資管系', '40051228', '100', '1', '0101-01-12', '國外', 'Certiport, Inc.[思遞波公', '(IC3)Internet and Co', ''),
('日間部四技', '資管系', '40051120', '100', '1', '0100-12-23', '國外', 'Certiport, Inc.[思遞波公', '(IC3) Key Applicatio', ''),
('日間部四技', '資管系', '49831207', '100', '1', '0100-12-30', '國外', 'Certiport, Inc.[思遞波公', '(IC3) Living Online', ''),
('日間部四技', '資管系', '40051217', '100', '1', '0100-12-16', '國外', 'Certiport, Inc.[思遞波公', '(IC3)Computing Funda', ''),
('日間部四技', '資管系', '40051148', '100', '1', '0100-12-16', '國外', 'Certiport, Inc.[思遞波公', '(IC3)Computing Funda', ''),
('日間部四技', '資管系', '49951138', '100', '1', '0100-12-07', '國內', '(GS1 Taiwan) 中華民國商品條', 'GS1條碼管理師證書', ''),
('日間部四技', '資管系', '49951327', '100', '1', '0100-12-07', '國內', '(GS1 Taiwan) 中華民國商品條', 'GS1條碼管理師證書', ''),
('日間部四技', '資管系', '49951353', '100', '1', '0100-12-07', '國內', '(GS1 Taiwan) 中華民國商品條', 'GS1條碼管理師證書', ''),
('日間部四技', '資管系', '49951163', '100', '1', '0101-06-12', '國內', '(CSF)Computer Skills', 'EEC-EEAP 企業電子化助理規劃師', ''),
('日間部四技', '資管系', '49951163', '100', '1', '0101-06-09', '國內', '(CSF)Computer Skills', 'TQC-DK 電子商務概論', '專業級'),
('日間部四技', '資管系', '49851267', '100', '1', '0101-06-12', '國內', '(CSF)Computer Skills', 'EEC-EEAP 企業電子化助理規劃師', ''),
('日間部四技', '資管系', '49851267', '100', '1', '0101-06-09', '國內', '(CSF)Computer Skills', 'TQC-DK 電子商務概論', '專業級'),
('日間部四技', '資管系', '49951161', '100', '1', '0101-06-12', '國內', '(CSF)Computer Skills', 'EEC-EEAP 企業電子化助理規劃師', ''),
('日間部四技', '資管系', '49951161', '100', '1', '0101-06-09', '國內', '(CSF)Computer Skills', 'TQC-DK 電子商務概論', '專業級'),
('日間部四技', '資管系', '49951360', '100', '1', '0101-06-09', '國內', '(CSF)Computer Skills', 'TQC-DK 電子商務概論', '專業級'),
('日間部四技', '資管系', '49951360', '100', '1', '0101-06-12', '國內', '(CSF)Computer Skills', 'EEC-EEAP 企業電子化助理規劃師', ''),
('日間部四技', '資管系', '49851203', '100', '1', '0100-01-18', '國外', 'EPCglobal', 'Foundation Certifica', ''),
('日間部四技', '資管系', '49851256', '100', '1', '0100-01-18', '國外', 'EPCglobal', 'Foundation Certifica', ''),
('日間部四技', '資管系', '49851205', '100', '1', '0100-01-01', '國內', '(CERPS)Chinese Enter', 'ERP Application Engi', ''),
('日間部四技', '資管系', '49851105', '100', '1', '0100-01-01', '國內', '(CERPS)Chinese Enter', 'ERP Application Engi', ''),
('日間部四技', '資管系', '49851221', '100', '1', '0100-01-01', '國內', '(CERPS)Chinese Enter', 'ERP Application Engi', ''),
('日間部四技', '資管系', '49851106', '100', '1', '0100-01-01', '國內', '(CERPS)Chinese Enter', 'ERP Application Engi', ''),
('日間部四技', '資管系', '49851231', '100', '1', '0100-01-01', '國內', '(CERPS)Chinese Enter', 'ERP Application Engi', ''),
('日間部四技', '資管系', '49851120', '100', '1', '0100-01-01', '國內', '(CERPS)Chinese Enter', 'ERP Application Engi', ''),
('日間部四技', '資管系', '49851119', '100', '1', '0100-01-01', '國內', '(CERPS)Chinese Enter', 'ERP Application Engi', ''),
('日間部四技', '資管系', '49851246', '100', '1', '0100-01-01', '國內', '(CERPS)Chinese Enter', 'ERP Application Engi', ''),
('日間部四技', '資管系', '49851230', '100', '1', '0100-01-01', '國內', '(CERPS)Chinese Enter', 'ERP Application Engi', ''),
('日間部四技', '資管系', '49851213', '100', '1', '0100-01-01', '國內', '(CERPS)Chinese Enter', 'ERP Application Engi', ''),
('日間部四技', '資管系', '49851235', '100', '1', '0100-01-01', '國內', '(CERPS)Chinese Enter', 'ERP Application Engi', ''),
('日間部四技', '資管系', '49851118', '100', '1', '0100-01-01', '國內', '(CERPS)Chinese Enter', 'ERP Application Engi', ''),
('日間部四技', '資管系', '49851252', '100', '1', '0100-01-01', '國內', '(CERPS)Chinese Enter', 'ERP Application Engi', ''),
('日間部四技', '資管系', '49851101', '100', '1', '0100-01-01', '國內', '(CERPS)Chinese Enter', 'ERP Application Engi', ''),
('日間部四技', '資管系', '49851250', '100', '1', '0100-01-01', '國內', '(CERPS)Chinese Enter', 'ERP Application Engi', ''),
('日間部四技', '資管系', '49851238', '100', '1', '0100-01-01', '國內', '(CERPS)Chinese Enter', 'ERP Application Engi', ''),
('日間部四技', '資管系', '40051203', '100', '1', '0100-12-16', '國外', 'Certiport, Inc.[思遞波公', '(IC3)Computing Funda', ''),
('日間部四技', '資管系', '40051309', '100', '2', '0101-06-09', '國內', '(CSF)Computer Skills', 'TQC-DK 電子商務概論', '專業級'),
('日間部四技', '資管系', '40051239', '100', '2', '0101-02-10', '國外', 'Certiport, Inc.[思遞波公', '(IC3)Internet and Co', ''),
('日間部四技', '資管系', '49951317', '100', '2', '0101-06-12', '國內', '(CSF)Computer Skills', 'EEC-EEAP 企業電子化助理規劃師', ''),
('日間部四技', '資管系', '49831207', '100', '2', '0101-05-18', '國外', 'Adobe Systems', 'Adobe Certified Asso', ''),
('日間部四技', '資管系', '49851105', '100', '2', '0101-05-18', '國外', 'Adobe Systems', 'Adobe Certified Asso', ''),
('日間部四技', '資管系', '49851106', '100', '2', '0101-05-18', '國外', 'Adobe Systems', 'Adobe Certified Asso', ''),
('日間部四技', '資管系', '49851109', '100', '2', '0101-05-18', '國外', 'Adobe Systems', 'Adobe Certified Asso', ''),
('日間部四技', '資管系', '40051117', '100', '2', '0101-06-09', '國內', '(CSF)Computer Skills', 'TQC-DK 電子商務概論', '專業級'),
('日間部四技', '資管系', '49951318', '100', '2', '0101-06-09', '國內', '(CSF)Computer Skills', 'TQC-DK 電子商務概論', '專業級'),
('日間部四技', '資管系', '49851115', '100', '2', '0101-02-24', '國外', 'Certiport, Inc.[思遞波公', '(IC3)Internet and Co', ''),
('日間部四技', '資管系', '49851115', '100', '2', '0101-05-18', '國外', 'Adobe Systems', 'Adobe Certified Asso', ''),
('日間部四技', '資管系', '49851117', '100', '2', '0101-05-18', '國外', 'Adobe Systems', 'Adobe Certified Asso', ''),
('日間部四技', '資管系', '49851119', '100', '2', '0101-05-18', '國外', 'Adobe Systems', 'Adobe Certified Asso', ''),
('日間部四技', '資管系', '49851120', '100', '2', '0101-05-18', '國外', 'Adobe Systems', 'Adobe Certified Asso', ''),
('日間部四技', '資管系', '49851121', '100', '2', '0101-05-18', '國外', 'Adobe Systems', 'Adobe Certified Asso', ''),
('日間部四技', '資管系', '49851125', '100', '2', '0101-05-18', '國外', 'Adobe Systems', 'Adobe Certified Asso', ''),
('日間部四技', '資管系', '49851128', '100', '2', '0101-05-18', '國外', 'Adobe Systems', 'Adobe Certified Asso', ''),
('日間部四技', '資管系', '49851129', '100', '2', '0101-05-18', '國外', 'Adobe Systems', 'Adobe Certified Asso', ''),
('日間部四技', '資管系', '40051260', '100', '2', '0101-06-12', '國內', '(CSF)Computer Skills', 'EEC-EEAP 企業電子化助理規劃師', ''),
('日間部四技', '資管系', '49851142', '100', '2', '0101-05-18', '國外', 'Adobe Systems', 'Adobe Certified Asso', ''),
('日間部四技', '資管系', '49851147', '100', '2', '0101-05-18', '國外', 'Adobe Systems', 'Adobe Certified Asso', ''),
('日間部四技', '資管系', '49851158', '100', '2', '0101-05-18', '國外', 'Adobe Systems', 'Adobe Certified Asso', ''),
('日間部四技', '資管系', '49851159', '100', '2', '0101-05-18', '國外', 'Adobe Systems', 'Adobe Certified Asso', ''),
('日間部四技', '資管系', '49851212', '100', '2', '0101-05-18', '國外', 'Adobe Systems', 'Adobe Certified Asso', ''),
('日間部四技', '資管系', '49851213', '100', '2', '0101-05-18', '國外', 'Adobe Systems', 'Adobe Certified Asso', ''),
('日間部四技', '資管系', '49851223', '100', '2', '0101-05-18', '國外', 'Adobe Systems', 'Adobe Certified Asso', ''),
('日間部四技', '資管系', '49851227', '100', '2', '0101-05-18', '國外', 'Adobe Systems', 'Adobe Certified Asso', ''),
('日間部四技', '資管系', '49851237', '100', '2', '0101-05-18', '國外', 'Adobe Systems', 'Adobe Certified Asso', ''),
('日間部四技', '資管系', '49851239', '100', '2', '0101-05-18', '國外', 'Adobe Systems', 'Adobe Certified Asso', ''),
('日間部四技', '資管系', '49851243', '100', '2', '0101-05-18', '國外', 'Adobe Systems', 'Adobe Certified Asso', ''),
('日間部四技', '資管系', '49851244', '100', '2', '0101-05-18', '國外', 'Adobe Systems', 'Adobe Certified Asso', ''),
('日間部四技', '資管系', '49851245', '100', '2', '0101-05-18', '國外', 'Adobe Systems', 'Adobe Certified Asso', ''),
('日間部四技', '資管系', '49851110', '100', '2', '0101-05-18', '國外', 'Adobe Systems', 'Adobe Certified Asso', ''),
('日間部四技', '資管系', '40051224', '100', '2', '0101-06-09', '國內', '(CSF)Computer Skills', 'TQC-DK 電子商務概論', '專業級'),
('日間部四技', '資管系', '40051337', '100', '2', '0101-06-09', '國內', '(CSF)Computer Skills', 'TQC-DK 電子商務概論', '專業級'),
('日間部四技', '資管系', '40051201', '100', '2', '0101-06-09', '國內', '(CSF)Computer Skills', 'TQC-DK 電子商務概論', '專業級'),
('日間部四技', '資管系', '40051206', '100', '2', '0101-06-09', '國內', '(CSF)Computer Skills', 'TQC-DK 電子商務概論', '專業級'),
('日間部四技', '資管系', '40051132', '100', '2', '0101-06-09', '國內', '(CSF)Computer Skills', 'TQC-DK 電子商務概論', '專業級'),
('日間部四技', '資管系', '49951108', '100', '2', '0101-06-18', '國內', '勞工委員會', '中華民國技術士 - 網頁設計', '丙級'),
('日間部四技', '資管系', '49951109', '100', '2', '0101-06-18', '國內', '勞工委員會', '中華民國技術士 - 網頁設計', '丙級'),
('日間部四技', '資管系', '49951214', '100', '2', '0101-04-27', '國內', '(CERPS)Chinese Enter', 'ERP Application Engi', ''),
('日間部四技', '資管系', '49851260', '100', '2', '0101-05-18', '國外', 'Adobe Systems', 'Adobe Certified Asso', ''),
('日間部四技', '資管系', '49851164', '100', '2', '0101-05-21', '國外', 'Adobe Systems', 'Adobe Certified Asso', ''),
('日間部四技', '資管系', '49851160', '100', '2', '0101-05-18', '國外', 'Adobe Systems', 'Adobe Certified Asso', ''),
('日間部四技', '資管系', '49851162', '100', '2', '0101-05-18', '國外', 'Adobe Systems', 'Adobe Certified Asso', ''),
('日間部四技', '資管系', '49951138', '100', '2', '0101-06-18', '國內', '勞工委員會', '中華民國技術士 - 網頁設計', '丙級'),
('日間部四技', '資管系', '49951245', '100', '2', '0101-06-18', '國內', '勞工委員會', '中華民國技術士 - 網頁設計', '丙級'),
('日間部四技', '資管系', '49951148', '100', '2', '0101-02-23', '國內', '(CERPS)Chinese Enter', 'ERP Application Engi', ''),
('日間部四技', '資管系', '49951148', '100', '2', '0101-06-18', '國內', '勞工委員會', '中華民國技術士 - 網頁設計', '丙級'),
('日間部四技', '資管系', '49951354', '100', '2', '0101-04-27', '國內', '(CERPS)Chinese Enter', 'ERP Application Engi', ''),
('日間部四技', '資管系', '49851166', '100', '2', '0101-05-18', '國外', 'Adobe Systems', 'Adobe Certified Asso', ''),
('日間部四技', '資管系', '49851264', '100', '2', '0101-05-18', '國外', 'Adobe Systems', 'Adobe Certified Asso', ''),
('日間部四技', '資管系', '49851265', '100', '2', '0101-05-18', '國外', 'Adobe Systems', 'Adobe Certified Asso', ''),
('日間部四技', '資管系', '40051108', '100', '2', '0101-06-12', '國內', '(CSF)Computer Skills', 'EEC-EEAP 企業電子化助理規劃師', ''),
('日間部四技', '資管系', '40051205', '100', '2', '0101-06-12', '國內', '(CSF)Computer Skills', 'EEC-EEAP 企業電子化助理規劃師', ''),
('日間部四技', '資管系', '49851130', '100', '2', '0101-06-12', '國內', '(CSF)Computer Skills', 'EEC-EEAP 企業電子化助理規劃師', ''),
('日間部四技', '資管系', '40051261', '100', '2', '0101-06-12', '國內', '(CSF)Computer Skills', 'EEC-EEAP 企業電子化助理規劃師', ''),
('日間部四技', '資管系', '40051347', '100', '2', '0101-06-12', '國內', '(CSF)Computer Skills', 'EEC-EEAP 企業電子化助理規劃師', ''),
('日間部四技', '資管系', '40051123', '100', '2', '0101-06-12', '國內', '(CSF)Computer Skills', 'EEC-EEAP 企業電子化助理規劃師', ''),
('日間部四技', '資管系', '40051319', '100', '2', '0101-06-12', '國內', '(CSF)Computer Skills', 'EEC-EEAP 企業電子化助理規劃師', ''),
('日間部四技', '資管系', '40051225', '100', '2', '0101-06-12', '國內', '(CSF)Computer Skills', 'EEC-EEAP 企業電子化助理規劃師', ''),
('日間部四技', '資管系', '40051231', '100', '2', '0101-06-12', '國內', '(CSF)Computer Skills', 'EEC-EEAP 企業電子化助理規劃師', ''),
('日間部四技', '資管系', '40051343', '100', '2', '0101-06-12', '國內', '(CSF)Computer Skills', 'EEC-EEAP 企業電子化助理規劃師', ''),
('日間部四技', '資管系', '40051305', '100', '2', '0101-06-12', '國內', '(CSF)Computer Skills', 'EEC-EEAP 企業電子化助理規劃師', ''),
('日間部四技', '資管系', '40051204', '100', '2', '0101-06-12', '國內', '(CSF)Computer Skills', 'EEC-EEAP 企業電子化助理規劃師', ''),
('日間部四技', '資管系', '40051304', '100', '2', '0101-06-12', '國內', '(CSF)Computer Skills', 'EEC-EEAP 企業電子化助理規劃師', ''),
('日間部四技', '資管系', '49951334', '100', '2', '0101-06-12', '國內', '(CSF)Computer Skills', 'EEC-EEAP 企業電子化助理規劃師', ''),
('日間部四技', '資管系', '40051234', '100', '2', '0101-06-12', '國內', '(CSF)Computer Skills', 'EEC-EEAP 企業電子化助理規劃師', ''),
('日間部四技', '資管系', '40051250', '100', '2', '0101-06-12', '國內', '(CSF)Computer Skills', 'EEC-EEAP 企業電子化助理規劃師', ''),
('日間部四技', '資管系', '40051117', '100', '2', '0101-06-12', '國內', '(CSF)Computer Skills', 'EEC-EEAP 企業電子化助理規劃師', ''),
('日間部四技', '資管系', '40051224', '100', '2', '0101-06-12', '國內', '(CSF)Computer Skills', 'EEC-EEAP 企業電子化助理規劃師', ''),
('日間部四技', '資管系', '49951317', '100', '2', '0101-06-09', '國內', '(CSF)Computer Skills', 'TQC-DK 電子商務概論', '專業級'),
('日間部四技', '資管系', '40051114', '100', '2', '0101-05-28', '國內', '(NDI)National Develo', '(GET)Global English ', 'A2 / CEF A'),
('日間部四技', '資管系', '40051157', '100', '2', '0101-06-09', '國內', '(CSF)Computer Skills', 'TQC-DK 電子商務概論', '專業級'),
('日間部四技', '資管系', '49951151', '100', '2', '0101-06-09', '國內', '(CSF)Computer Skills', 'TQC-DK 電子商務概論', '專業級'),
('日間部四技', '資管系', '40051325', '100', '2', '0101-06-09', '國內', '(CSF)Computer Skills', 'TQC-DK 電子商務概論', '專業級'),
('日間部四技', '資管系', '49951326', '100', '2', '0101-06-09', '國內', '(CSF)Computer Skills', 'TQC-DK 電子商務概論', '專業級'),
('日間部四技', '資管系', '40051144', '100', '2', '0101-06-09', '國內', '(CSF)Computer Skills', 'TQC-DK 電子商務概論', '專業級'),
('日間部四技', '資管系', '40051301', '100', '2', '0101-06-12', '國內', '(CSF)Computer Skills', 'EEC-EEAP 企業電子化助理規劃師', ''),
('日間部四技', '資管系', '40051201', '100', '2', '0101-06-12', '國內', '(CSF)Computer Skills', 'EEC-EEAP 企業電子化助理規劃師', ''),
('日間部四技', '資管系', '49951151', '100', '2', '0101-06-12', '國內', '(CSF)Computer Skills', 'EEC-EEAP 企業電子化助理規劃師', ''),
('日間部四技', '資管系', '40051157', '100', '2', '0101-06-12', '國內', '(CSF)Computer Skills', 'EEC-EEAP 企業電子化助理規劃師', ''),
('日間部四技', '資管系', '40051206', '100', '2', '0101-06-12', '國內', '(CSF)Computer Skills', 'EEC-EEAP 企業電子化助理規劃師', ''),
('日間部四技', '資管系', '40051137', '100', '2', '0101-06-12', '國內', '(CSF)Computer Skills', 'EEC-EEAP 企業電子化助理規劃師', ''),
('日間部四技', '資管系', '40051227', '100', '2', '0101-06-12', '國內', '(CSF)Computer Skills', 'EEC-EEAP 企業電子化助理規劃師', ''),
('日間部四技', '資管系', '40051125', '100', '2', '0101-06-12', '國內', '(CSF)Computer Skills', 'EEC-EEAP 企業電子化助理規劃師', ''),
('日間部四技', '資管系', '40051351', '100', '2', '0101-06-12', '國內', '(CSF)Computer Skills', 'EEC-EEAP 企業電子化助理規劃師', ''),
('日間部四技', '資管系', '40051352', '100', '2', '0101-06-12', '國內', '(CSF)Computer Skills', 'EEC-EEAP 企業電子化助理規劃師', ''),
('日間部四技', '資管系', '40051209', '100', '2', '0101-06-12', '國內', '(CSF)Computer Skills', 'EEC-EEAP 企業電子化助理規劃師', ''),
('日間部四技', '資管系', '40051138', '100', '2', '0101-06-12', '國內', '(CSF)Computer Skills', 'EEC-EEAP 企業電子化助理規劃師', ''),
('日間部四技', '資管系', '40051158', '100', '2', '0101-06-12', '國內', '(CSF)Computer Skills', 'EEC-EEAP 企業電子化助理規劃師', ''),
('日間部四技', '資管系', '40051248', '100', '2', '0101-06-12', '國內', '(CSF)Computer Skills', 'EEC-EEAP 企業電子化助理規劃師', ''),
('日間部四技', '資管系', '40051111', '100', '2', '0101-06-12', '國內', '(CSF)Computer Skills', 'EEC-EEAP 企業電子化助理規劃師', ''),
('日間部四技', '資管系', '40051131', '100', '2', '0101-06-12', '國內', '(CSF)Computer Skills', 'EEC-EEAP 企業電子化助理規劃師', ''),
('日間部四技', '資管系', '40051333', '100', '2', '0101-06-12', '國內', '(CSF)Computer Skills', 'EEC-EEAP 企業電子化助理規劃師', ''),
('日間部四技', '資管系', '40051202', '100', '2', '0101-06-12', '國內', '(CSF)Computer Skills', 'EEC-EEAP 企業電子化助理規劃師', ''),
('日間部四技', '資管系', '40051313', '100', '2', '0101-06-12', '國內', '(CSF)Computer Skills', 'EEC-EEAP 企業電子化助理規劃師', ''),
('日間部四技', '資管系', '40051151', '100', '2', '0101-06-12', '國內', '(CSF)Computer Skills', 'EEC-EEAP 企業電子化助理規劃師', ''),
('日間部四技', '資管系', '40051314', '100', '2', '0101-06-12', '國內', '(CSF)Computer Skills', 'EEC-EEAP 企業電子化助理規劃師', ''),
('日間部四技', '資管系', '40051113', '100', '2', '0101-06-12', '國內', '(CSF)Computer Skills', 'EEC-EEAP 企業電子化助理規劃師', ''),
('日間部四技', '資管系', '40051342', '100', '2', '0101-06-12', '國內', '(CSF)Computer Skills', 'EEC-EEAP 企業電子化助理規劃師', ''),
('日間部四技', '資管系', '40051104', '100', '2', '0101-06-12', '國內', '(CSF)Computer Skills', 'EEC-EEAP 企業電子化助理規劃師', ''),
('日間部四技', '資管系', '40051126', '100', '2', '0101-06-12', '國內', '(CSF)Computer Skills', 'EEC-EEAP 企業電子化助理規劃師', ''),
('日間部四技', '資管系', '40051306', '100', '2', '0101-06-12', '國內', '(CSF)Computer Skills', 'EEC-EEAP 企業電子化助理規劃師', ''),
('日間部四技', '資管系', '40051345', '100', '2', '0101-06-12', '國內', '(CSF)Computer Skills', 'EEC-EEAP 企業電子化助理規劃師', ''),
('日間部四技', '資管系', '40051102', '100', '2', '0101-06-12', '國內', '(CSF)Computer Skills', 'EEC-EEAP 企業電子化助理規劃師', ''),
('日間部四技', '資管系', '40051130', '100', '2', '0101-06-12', '國內', '(CSF)Computer Skills', 'EEC-EEAP 企業電子化助理規劃師', ''),
('日間部四技', '資管系', '40051222', '100', '2', '0101-06-12', '國內', '(CSF)Computer Skills', 'EEC-EEAP 企業電子化助理規劃師', ''),
('日間部四技', '資管系', '40051246', '100', '2', '0101-06-12', '國內', '(CSF)Computer Skills', 'EEC-EEAP 企業電子化助理規劃師', ''),
('日間部四技', '資管系', '40051128', '100', '2', '0101-06-12', '國內', '(CSF)Computer Skills', 'EEC-EEAP 企業電子化助理規劃師', ''),
('日間部四技', '資管系', '40051114', '100', '2', '0101-06-12', '國內', '(CSF)Computer Skills', 'EEC-EEAP 企業電子化助理規劃師', ''),
('日間部四技', '資管系', '40051232', '100', '2', '0101-06-12', '國內', '(CSF)Computer Skills', 'EEC-EEAP 企業電子化助理規劃師', ''),
('日間部四技', '資管系', '40051107', '100', '2', '0101-06-12', '國內', '(CSF)Computer Skills', 'EEC-EEAP 企業電子化助理規劃師', ''),
('日間部四技', '資管系', '40051328', '100', '2', '0101-06-12', '國內', '(CSF)Computer Skills', 'EEC-EEAP 企業電子化助理規劃師', ''),
('日間部四技', '資管系', '40051105', '100', '2', '0101-06-12', '國內', '(CSF)Computer Skills', 'EEC-EEAP 企業電子化助理規劃師', ''),
('日間部四技', '資管系', '40051112', '100', '2', '0101-06-12', '國內', '(CSF)Computer Skills', 'EEC-EEAP 企業電子化助理規劃師', ''),
('日間部四技', '資管系', '49951348', '100', '2', '0101-06-12', '國內', '(CSF)Computer Skills', 'EEC-EEAP 企業電子化助理規劃師', ''),
('日間部四技', '資管系', '40051110', '100', '2', '0101-06-12', '國內', '(CSF)Computer Skills', 'EEC-EEAP 企業電子化助理規劃師', ''),
('日間部四技', '資管系', '40051147', '100', '2', '0101-06-12', '國內', '(CSF)Computer Skills', 'EEC-EEAP 企業電子化助理規劃師', ''),
('日間部四技', '資管系', '40051139', '100', '2', '0101-06-12', '國內', '(CSF)Computer Skills', 'EEC-EEAP 企業電子化助理規劃師', ''),
('日間部四技', '資管系', '40051249', '100', '2', '0101-06-12', '國內', '(CSF)Computer Skills', 'EEC-EEAP 企業電子化助理規劃師', ''),
('日間部四技', '資管系', '40051310', '100', '2', '0101-06-12', '國內', '(CSF)Computer Skills', 'EEC-EEAP 企業電子化助理規劃師', ''),
('日間部四技', '資管系', '40051255', '100', '2', '0101-06-12', '國內', '(CSF)Computer Skills', 'EEC-EEAP 企業電子化助理規劃師', ''),
('日間部四技', '資管系', '40051321', '100', '2', '0101-06-12', '國內', '(CSF)Computer Skills', 'EEC-EEAP 企業電子化助理規劃師', ''),
('日間部四技', '資管系', '40051334', '100', '2', '0101-06-12', '國內', '(CSF)Computer Skills', 'EEC-EEAP 企業電子化助理規劃師', ''),
('日間部四技', '資管系', '40051210', '100', '2', '0101-06-12', '國內', '(CSF)Computer Skills', 'EEC-EEAP 企業電子化助理規劃師', ''),
('日間部四技', '資管系', '40051154', '100', '2', '0101-06-12', '國內', '(CSF)Computer Skills', 'EEC-EEAP 企業電子化助理規劃師', ''),
('日間部四技', '資管系', '40051124', '100', '2', '0101-06-12', '國內', '(CSF)Computer Skills', 'EEC-EEAP 企業電子化助理規劃師', ''),
('日間部四技', '資管系', '40051106', '100', '2', '0101-06-12', '國內', '(CSF)Computer Skills', 'EEC-EEAP 企業電子化助理規劃師', ''),
('日間部四技', '資管系', '40051311', '100', '2', '0101-06-12', '國內', '(CSF)Computer Skills', 'EEC-EEAP 企業電子化助理規劃師', ''),
('日間部四技', '資管系', '40051312', '100', '2', '0101-06-12', '國內', '(CSF)Computer Skills', 'EEC-EEAP 企業電子化助理規劃師', ''),
('日間部四技', '資管系', '40051355', '100', '2', '0101-06-12', '國內', '(CSF)Computer Skills', 'EEC-EEAP 企業電子化助理規劃師', ''),
('日間部四技', '資管系', '40051240', '100', '2', '0101-06-12', '國內', '(CSF)Computer Skills', 'EEC-EEAP 企業電子化助理規劃師', ''),
('日間部四技', '資管系', '49951354', '100', '2', '0101-06-12', '國內', '(CSF)Computer Skills', 'EEC-EEAP 企業電子化助理規劃師', ''),
('日間部四技', '資管系', '40051122', '100', '2', '0101-06-12', '國內', '(CSF)Computer Skills', 'EEC-EEAP 企業電子化助理規劃師', ''),
('日間部四技', '資管系', '40051134', '100', '2', '0101-06-12', '國內', '(CSF)Computer Skills', 'EEC-EEAP 企業電子化助理規劃師', ''),
('日間部四技', '資管系', '40051161', '100', '2', '0101-06-12', '國內', '(CSF)Computer Skills', 'EEC-EEAP 企業電子化助理規劃師', ''),
('日間部四技', '資管系', '49951325', '100', '2', '0101-06-12', '國內', '(CSF)Computer Skills', 'EEC-EEAP 企業電子化助理規劃師', ''),
('日間部四技', '資管系', '40051205', '100', '2', '0101-06-09', '國內', '(CSF)Computer Skills', 'TQC-DK 電子商務概論', '專業級'),
('日間部四技', '資管系', '49851130', '100', '2', '0101-06-09', '國內', '(CSF)Computer Skills', 'TQC-DK 電子商務概論', '專業級'),
('日間部四技', '資管系', '40051136', '100', '2', '0101-06-09', '國內', '(CSF)Computer Skills', 'TQC-DK 電子商務概論', '專業級'),
('日間部四技', '資管系', '40051261', '100', '2', '0101-06-09', '國內', '(CSF)Computer Skills', 'TQC-DK 電子商務概論', '專業級'),
('日間部四技', '資管系', '40051347', '100', '2', '0101-06-09', '國內', '(CSF)Computer Skills', 'TQC-DK 電子商務概論', '專業級'),
('日間部四技', '資管系', '40051123', '100', '2', '0101-06-09', '國內', '(CSF)Computer Skills', 'TQC-DK 電子商務概論', '專業級'),
('日間部四技', '資管系', '40051319', '100', '2', '0101-06-09', '國內', '(CSF)Computer Skills', 'TQC-DK 電子商務概論', '專業級'),
('日間部四技', '資管系', '40051225', '100', '2', '0101-06-09', '國內', '(CSF)Computer Skills', 'TQC-DK 電子商務概論', '專業級'),
('日間部四技', '資管系', '40051231', '100', '2', '0101-06-09', '國內', '(CSF)Computer Skills', 'TQC-DK 電子商務概論', '專業級'),
('日間部四技', '資管系', '40051343', '100', '2', '0101-06-09', '國內', '(CSF)Computer Skills', 'TQC-DK 電子商務概論', '專業級'),
('日間部四技', '資管系', '40051141', '100', '2', '0101-06-09', '國內', '(CSF)Computer Skills', 'TQC-DK 電子商務概論', '專業級'),
('日間部四技', '資管系', '40051204', '100', '2', '0101-06-09', '國內', '(CSF)Computer Skills', 'TQC-DK 電子商務概論', '專業級'),
('日間部四技', '資管系', '40051203', '100', '2', '0101-06-09', '國內', '(CSF)Computer Skills', 'TQC-DK 電子商務概論', '專業級'),
('日間部四技', '資管系', '40051304', '100', '2', '0101-06-09', '國內', '(CSF)Computer Skills', 'TQC-DK 電子商務概論', '專業級'),
('日間部四技', '資管系', '49951334', '100', '2', '0101-06-09', '國內', '(CSF)Computer Skills', 'TQC-DK 電子商務概論', '專業級'),
('日間部四技', '資管系', '40051234', '100', '2', '0101-06-09', '國內', '(CSF)Computer Skills', 'TQC-DK 電子商務概論', '專業級'),
('日間部四技', '資管系', '40051332', '100', '2', '0101-06-12', '國內', '(CSF)Computer Skills', 'EEC-EEAP 企業電子化助理規劃師', ''),
('日間部四技', '資管系', '49851138', '100', '2', '0101-05-18', '國外', 'Adobe Systems', 'Adobe Certified Asso', ''),
('日間部四技', '資管系', '40051132', '100', '2', '0101-06-12', '國內', '(CSF)Computer Skills', 'EEC-EEAP 企業電子化助理規劃師', ''),
('日間部四技', '資管系', '40051332', '100', '2', '0101-06-09', '國內', '(CSF)Computer Skills', 'TQC-DK 電子商務概論', '專業級'),
('日間部四技', '資管系', '49951318', '100', '2', '0101-06-12', '國內', '(CSF)Computer Skills', 'EEC-EEAP 企業電子化助理規劃師', ''),
('日間部四技', '資管系', '49851111', '100', '2', '0101-05-18', '國外', 'Adobe Systems', 'Adobe Certified Asso', ''),
('日間部四技', '資管系', '40051123', '100', '2', '0101-05-28', '國內', '(NDI)National Develo', '(GET)Global English ', 'A2 / CEF A'),
('日間部四技', '資管系', '40051325', '100', '2', '0101-06-12', '國內', '(CSF)Computer Skills', 'EEC-EEAP 企業電子化助理規劃師', ''),
('日間部四技', '資管系', '40051337', '100', '2', '0101-06-12', '國內', '(CSF)Computer Skills', 'EEC-EEAP 企業電子化助理規劃師', ''),
('日間部四技', '資管系', '49851144', '100', '2', '0101-05-18', '國外', 'Adobe Systems', 'Adobe Certified Asso', ''),
('日間部四技', '資管系', '40051230', '100', '2', '0101-06-12', '國內', '(CSF)Computer Skills', 'EEC-EEAP 企業電子化助理規劃師', ''),
('日間部四技', '資管系', '40051230', '100', '2', '0101-06-09', '國內', '(CSF)Computer Skills', 'TQC-DK 電子商務概論', '專業級'),
('日間部四技', '資管系', '40051260', '100', '2', '0101-06-09', '國內', '(CSF)Computer Skills', 'TQC-DK 電子商務概論', '專業級'),
('日間部四技', '資管系', '40051144', '100', '2', '0101-06-12', '國內', '(CSF)Computer Skills', 'EEC-EEAP 企業電子化助理規劃師', ''),
('日間部四技', '資管系', '40051301', '100', '2', '0101-06-09', '國內', '(CSF)Computer Skills', 'TQC-DK 電子商務概論', '專業級'),
('日間部四技', '資管系', '40051137', '100', '2', '0101-06-09', '國內', '(CSF)Computer Skills', 'TQC-DK 電子商務概論', '專業級'),
('日間部四技', '資管系', '40051227', '100', '2', '0101-06-09', '國內', '(CSF)Computer Skills', 'TQC-DK 電子商務概論', '專業級'),
('日間部四技', '資管系', '40051125', '100', '2', '0101-06-09', '國內', '(CSF)Computer Skills', 'TQC-DK 電子商務概論', '專業級'),
('日間部四技', '資管系', '40051256', '100', '2', '0101-06-09', '國內', '(CSF)Computer Skills', 'TQC-DK 電子商務概論', '專業級'),
('日間部四技', '資管系', '40051351', '100', '2', '0101-06-09', '國內', '(CSF)Computer Skills', 'TQC-DK 電子商務概論', '專業級'),
('日間部四技', '資管系', '40051352', '100', '2', '0101-06-09', '國內', '(CSF)Computer Skills', 'TQC-DK 電子商務概論', '專業級'),
('日間部四技', '資管系', '40051209', '100', '2', '0101-06-09', '國內', '(CSF)Computer Skills', 'TQC-DK 電子商務概論', '專業級'),
('日間部四技', '資管系', '40051138', '100', '2', '0101-06-09', '國內', '(CSF)Computer Skills', 'TQC-DK 電子商務概論', '專業級'),
('日間部四技', '資管系', '40051158', '100', '2', '0101-06-09', '國內', '(CSF)Computer Skills', 'TQC-DK 電子商務概論', '專業級'),
('日間部四技', '資管系', '49951346', '100', '2', '0101-06-09', '國內', '(CSF)Computer Skills', 'TQC-DK 電子商務概論', '專業級'),
('日間部四技', '資管系', '40051111', '100', '2', '0101-06-09', '國內', '(CSF)Computer Skills', 'TQC-DK 電子商務概論', '專業級'),
('日間部四技', '資管系', '40051131', '100', '2', '0101-06-09', '國內', '(CSF)Computer Skills', 'TQC-DK 電子商務概論', '專業級'),
('日間部四技', '資管系', '40051233', '100', '2', '0101-06-09', '國內', '(CSF)Computer Skills', 'TQC-DK 電子商務概論', '專業級'),
('日間部四技', '資管系', '40051333', '100', '2', '0101-06-09', '國內', '(CSF)Computer Skills', 'TQC-DK 電子商務概論', '專業級'),
('日間部四技', '資管系', '40051202', '100', '2', '0101-06-09', '國內', '(CSF)Computer Skills', 'TQC-DK 電子商務概論', '專業級'),
('日間部四技', '資管系', '40051313', '100', '2', '0101-06-09', '國內', '(CSF)Computer Skills', 'TQC-DK 電子商務概論', '專業級'),
('日間部四技', '資管系', '40051151', '100', '2', '0101-06-09', '國內', '(CSF)Computer Skills', 'TQC-DK 電子商務概論', '專業級'),
('日間部四技', '資管系', '40051119', '100', '2', '0101-06-09', '國內', '(CSF)Computer Skills', 'TQC-DK 電子商務概論', '專業級'),
('日間部四技', '資管系', '40051314', '100', '2', '0101-06-09', '國內', '(CSF)Computer Skills', 'TQC-DK 電子商務概論', '專業級'),
('日間部四技', '資管系', '40051113', '100', '2', '0101-06-09', '國內', '(CSF)Computer Skills', 'TQC-DK 電子商務概論', '專業級'),
('日間部四技', '資管系', '40051104', '100', '2', '0101-06-09', '國內', '(CSF)Computer Skills', 'TQC-DK 電子商務概論', '專業級'),
('日間部四技', '資管系', '40051126', '100', '2', '0101-06-09', '國內', '(CSF)Computer Skills', 'TQC-DK 電子商務概論', '專業級'),
('日間部四技', '資管系', '40051306', '100', '2', '0101-06-09', '國內', '(CSF)Computer Skills', 'TQC-DK 電子商務概論', '專業級'),
('日間部四技', '資管系', '40051345', '100', '2', '0101-06-09', '國內', '(CSF)Computer Skills', 'TQC-DK 電子商務概論', '專業級'),
('日間部四技', '資管系', '40051102', '100', '2', '0101-06-09', '國內', '(CSF)Computer Skills', 'TQC-DK 電子商務概論', '專業級'),
('日間部四技', '資管系', '40051130', '100', '2', '0101-06-09', '國內', '(CSF)Computer Skills', 'TQC-DK 電子商務概論', '專業級'),
('日間部四技', '資管系', '40051222', '100', '2', '0101-06-09', '國內', '(CSF)Computer Skills', 'TQC-DK 電子商務概論', '專業級'),
('日間部四技', '資管系', '40051322', '100', '2', '0101-06-09', '國內', '(CSF)Computer Skills', 'TQC-DK 電子商務概論', '專業級'),
('日間部四技', '資管系', '40051128', '100', '2', '0101-06-09', '國內', '(CSF)Computer Skills', 'TQC-DK 電子商務概論', '專業級'),
('日間部四技', '資管系', '40051114', '100', '2', '0101-06-09', '國內', '(CSF)Computer Skills', 'TQC-DK 電子商務概論', '專業級'),
('日間部四技', '資管系', '40051232', '100', '2', '0101-06-09', '國內', '(CSF)Computer Skills', 'TQC-DK 電子商務概論', '專業級'),
('日間部四技', '資管系', '40051107', '100', '2', '0101-06-09', '國內', '(CSF)Computer Skills', 'TQC-DK 電子商務概論', '專業級'),
('日間部四技', '資管系', '40051353', '100', '2', '0101-06-09', '國內', '(CSF)Computer Skills', 'TQC-DK 電子商務概論', '專業級'),
('日間部四技', '資管系', '40051328', '100', '2', '0101-06-09', '國內', '(CSF)Computer Skills', 'TQC-DK 電子商務概論', '專業級'),
('日間部四技', '資管系', '40051105', '100', '2', '0101-06-09', '國內', '(CSF)Computer Skills', 'TQC-DK 電子商務概論', '專業級'),
('日間部四技', '資管系', '40051112', '100', '2', '0101-06-09', '國內', '(CSF)Computer Skills', 'TQC-DK 電子商務概論', '專業級'),
('日間部四技', '資管系', '49951348', '100', '2', '0101-06-09', '國內', '(CSF)Computer Skills', 'TQC-DK 電子商務概論', '專業級'),
('日間部四技', '資管系', '40051148', '100', '2', '0101-06-09', '國內', '(CSF)Computer Skills', 'TQC-DK 電子商務概論', '專業級'),
('日間部四技', '資管系', '40051110', '100', '2', '0101-06-09', '國內', '(CSF)Computer Skills', 'TQC-DK 電子商務概論', '專業級'),
('日間部四技', '資管系', '40051147', '100', '2', '0101-06-09', '國內', '(CSF)Computer Skills', 'TQC-DK 電子商務概論', '專業級'),
('日間部四技', '資管系', '40051139', '100', '2', '0101-06-09', '國內', '(CSF)Computer Skills', 'TQC-DK 電子商務概論', '專業級'),
('日間部四技', '資管系', '40051249', '100', '2', '0101-06-09', '國內', '(CSF)Computer Skills', 'TQC-DK 電子商務概論', '專業級');
INSERT INTO `data` (`學制`, `科系`, `學號`, `考取學年`, `考取學期`, `證照生效日期`, `國內國外`, `發證單位`, `證照名稱`, `級別`) VALUES
('日間部四技', '資管系', '40051310', '100', '2', '0101-06-09', '國內', '(CSF)Computer Skills', 'TQC-DK 電子商務概論', '專業級'),
('日間部四技', '資管系', '40051255', '100', '2', '0101-06-09', '國內', '(CSF)Computer Skills', 'TQC-DK 電子商務概論', '專業級'),
('日間部四技', '資管系', '40051321', '100', '2', '0101-06-09', '國內', '(CSF)Computer Skills', 'TQC-DK 電子商務概論', '專業級'),
('日間部四技', '資管系', '40051334', '100', '2', '0101-06-09', '國內', '(CSF)Computer Skills', 'TQC-DK 電子商務概論', '專業級'),
('日間部四技', '資管系', '40051154', '100', '2', '0101-06-09', '國內', '(CSF)Computer Skills', 'TQC-DK 電子商務概論', '專業級'),
('日間部四技', '資管系', '40051124', '100', '2', '0101-06-09', '國內', '(CSF)Computer Skills', 'TQC-DK 電子商務概論', '專業級'),
('日間部四技', '資管系', '40051106', '100', '2', '0101-06-09', '國內', '(CSF)Computer Skills', 'TQC-DK 電子商務概論', '專業級'),
('日間部四技', '資管系', '40051311', '100', '2', '0101-06-09', '國內', '(CSF)Computer Skills', 'TQC-DK 電子商務概論', '專業級'),
('日間部四技', '資管系', '40051312', '100', '2', '0101-06-09', '國內', '(CSF)Computer Skills', 'TQC-DK 電子商務概論', '專業級'),
('日間部四技', '資管系', '40051355', '100', '2', '0101-06-09', '國內', '(CSF)Computer Skills', 'TQC-DK 電子商務概論', '專業級'),
('日間部四技', '資管系', '40051240', '100', '2', '0101-06-09', '國內', '(CSF)Computer Skills', 'TQC-DK 電子商務概論', '專業級'),
('日間部四技', '資管系', '49951354', '100', '2', '0101-06-09', '國內', '(CSF)Computer Skills', 'TQC-DK 電子商務概論', '專業級'),
('日間部四技', '資管系', '40051122', '100', '2', '0101-06-09', '國內', '(CSF)Computer Skills', 'TQC-DK 電子商務概論', '專業級'),
('日間部四技', '資管系', '40051134', '100', '2', '0101-06-09', '國內', '(CSF)Computer Skills', 'TQC-DK 電子商務概論', '專業級'),
('日間部四技', '資管系', '40051218', '100', '2', '0101-06-09', '國內', '(CSF)Computer Skills', 'TQC-DK 電子商務概論', '專業級'),
('日間部四技', '資管系', '40051161', '100', '2', '0101-06-09', '國內', '(CSF)Computer Skills', 'TQC-DK 電子商務概論', '專業級'),
('日間部四技', '資管系', '40051211', '100', '2', '0101-06-09', '國內', '(CSF)Computer Skills', 'TQC-DK 電子商務概論', '專業級'),
('日間部四技', '資管系', '49951325', '100', '2', '0101-06-09', '國內', '(CSF)Computer Skills', 'TQC-DK 電子商務概論', '專業級'),
('日間部四技', '資管系', '49851133', '100', '2', '0101-05-18', '國外', 'Adobe Systems', 'Adobe Certified Asso', ''),
('日間部四技', '資管系', '49851220', '100', '2', '0101-05-18', '國外', 'Adobe Systems', 'Adobe Certified Asso', ''),
('日間部四技', '資管系', '49951214', '100', '2', '0101-06-18', '國內', '勞工委員會', '中華民國技術士 - 網頁設計', '丙級'),
('日間部四技', '資管系', '49951131', '100', '2', '0101-06-18', '國內', '勞工委員會', '中華民國技術士 - 網頁設計', '丙級'),
('日間部四技', '資管系', '40051136', '100', '2', '0101-06-12', '國內', '(CSF)Computer Skills', 'EEC-EEAP 企業電子化助理規劃師', ''),
('日間部四技', '資管系', '40051141', '100', '2', '0101-06-12', '國內', '(CSF)Computer Skills', 'EEC-EEAP 企業電子化助理規劃師', ''),
('日間部四技', '資管系', '40051309', '100', '2', '0101-06-12', '國內', '(CSF)Computer Skills', 'EEC-EEAP 企業電子化助理規劃師', ''),
('日間部四技', '資管系', '49951326', '100', '2', '0101-06-12', '國內', '(CSF)Computer Skills', 'EEC-EEAP 企業電子化助理規劃師', ''),
('日間部四技', '資管系', '49951346', '100', '2', '0101-06-12', '國內', '(CSF)Computer Skills', 'EEC-EEAP 企業電子化助理規劃師', ''),
('日間部四技', '資管系', '40051119', '100', '2', '0101-06-12', '國內', '(CSF)Computer Skills', 'EEC-EEAP 企業電子化助理規劃師', ''),
('日間部四技', '資管系', '40051322', '100', '2', '0101-06-12', '國內', '(CSF)Computer Skills', 'EEC-EEAP 企業電子化助理規劃師', ''),
('日間部四技', '資管系', '40051108', '100', '2', '0101-06-09', '國內', '(CSF)Computer Skills', 'TQC-DK 電子商務概論', '專業級'),
('日間部四技', '資管系', '40051305', '100', '2', '0101-06-09', '國內', '(CSF)Computer Skills', 'TQC-DK 電子商務概論', '專業級'),
('日間部四技', '資管系', '40051248', '100', '2', '0101-06-09', '國內', '(CSF)Computer Skills', 'TQC-DK 電子商務概論', '專業級'),
('日間部四技', '資管系', '40051342', '100', '2', '0101-06-09', '國內', '(CSF)Computer Skills', 'TQC-DK 電子商務概論', '專業級'),
('日間部四技', '資管系', '40051246', '100', '2', '0101-06-09', '國內', '(CSF)Computer Skills', 'TQC-DK 電子商務概論', '專業級'),
('日間部四技', '資管系', '40051210', '100', '2', '0101-06-09', '國內', '(CSF)Computer Skills', 'TQC-DK 電子商務概論', '專業級'),
('日間部四技', '資管系', '40051114', '100', '2', '0101-05-28', '國內', '(NDI)National Develo', '(GET)Global English ', 'A2 / CEF A'),
('日間部四技', '資管系', '40051123', '100', '2', '0101-05-28', '國內', '(NDI)National Develo', '(GET)Global English ', 'A2 / CEF A'),
('日間部四技', '資管系', '40051128', '100', '2', '0101-05-28', '國內', '(NDI)National Develo', '(GET)Global English ', 'B1 / CEF B'),
('日間部四技', '資管系', '40051256', '100', '2', '0101-06-12', '國內', '(CSF)Computer Skills', 'EEC-EEAP 企業電子化助理規劃師', ''),
('日間部四技', '資管系', '40051211', '100', '2', '0101-06-12', '國內', '(CSF)Computer Skills', 'EEC-EEAP 企業電子化助理規劃師', ''),
('日間部四技', '資管系', '49851155', '100', '2', '0101-05-18', '國外', 'Adobe Systems', 'Adobe Certified Asso', ''),
('日間部四技', '資管系', '40051203', '100', '2', '0101-06-12', '國內', '(CSF)Computer Skills', 'EEC-EEAP 企業電子化助理規劃師', ''),
('日間部四技', '資管系', '40051233', '100', '2', '0101-06-12', '國內', '(CSF)Computer Skills', 'EEC-EEAP 企業電子化助理規劃師', ''),
('日間部四技', '資管系', '40051353', '100', '2', '0101-06-12', '國內', '(CSF)Computer Skills', 'EEC-EEAP 企業電子化助理規劃師', ''),
('日間部四技', '資管系', '40051218', '100', '2', '0101-06-12', '國內', '(CSF)Computer Skills', 'EEC-EEAP 企業電子化助理規劃師', ''),
('日間部四技', '資管系', '40051148', '100', '2', '0101-06-12', '國內', '(CSF)Computer Skills', 'EEC-EEAP 企業電子化助理規劃師', ''),
('日間部四技', '資管系', '40151211', '100', '2', '0101-02-07', '國外', 'Microsoft(微軟)', '(MOS)Microsoft Offic', 'Specialist'),
('日間部四技', '資管系', '40151210', '100', '2', '0101-02-07', '國外', 'Microsoft(微軟)', '(MOS)Microsoft Offic', 'Specialist'),
('日間部四技', '資管系', '40151141', '100', '2', '0101-02-07', '國外', 'Microsoft(微軟)', '(MOS)Microsoft Offic', 'Specialist'),
('日間部四技', '資管系', '40151234', '100', '2', '0101-07-12', '國外', 'Adobe Systems', 'Adobe Certified Asso', ''),
('日間部四技', '資管系', '40151141', '100', '2', '0101-03-26', '國內', '(CSF)Computer Skills', 'TQC-OA Excel(2003)', '進階級'),
('日間部四技', '資管系', '40151211', '100', '2', '0101-02-26', '國外', 'Microsoft(微軟)', '(MOS)Microsoft Offic', 'Expert(專業級'),
('日間部四技', '資管系', '40151210', '100', '2', '0101-02-26', '國外', 'Microsoft(微軟)', '(MOS)Microsoft Offic', 'Expert(專業級'),
('日間部四技', '資管系', '40151141', '100', '2', '0101-02-26', '國外', 'Microsoft(微軟)', '(MOS)Microsoft Offic', 'Expert(專業級'),
('日間部四技', '資管系', '40151211', '100', '2', '0101-03-26', '國內', '(CSF)Computer Skills', 'TQC-OA Excel(2003)', '進階級'),
('日間部四技', '資管系', '40151210', '100', '2', '0101-03-26', '國內', '(CSF)Computer Skills', 'TQC-OA Excel(2003)', '進階級'),
('日間部四技', '資管系', '40151211', '100', '2', '0101-02-07', '國外', 'Microsoft(微軟)', '(MOS)Microsoft Offic', 'Master(大師級'),
('日間部四技', '資管系', '40151210', '100', '2', '0101-02-07', '國外', 'Microsoft(微軟)', '(MOS)Microsoft Offic', 'Master(大師級'),
('日間部四技', '資管系', '40151141', '100', '2', '0101-02-07', '國外', 'Microsoft(微軟)', '(MOS)Microsoft Offic', 'Master(大師級'),
('日間部四技', '資管系', '40151114', '100', '2', '0101-02-21', '國內', '勞工委員會', '中華民國技術士 - 電腦軟體應用', '乙級'),
('日間部四技', '資管系', '40151357', '100', '2', '0101-02-21', '國內', '勞工委員會', '中華民國技術士 - 電腦軟體應用', '乙級'),
('日間部四技', '資管系', '40151234', '100', '2', '0101-02-21', '國內', '勞工委員會', '中華民國技術士 - 電腦軟體應用', '乙級'),
('日間部四技', '資管系', '40151325', '100', '2', '0101-02-21', '國內', '勞工委員會', '中華民國技術士 - 電腦軟體應用', '乙級'),
('日間部四技', '資管系', '40151225', '100', '2', '0101-02-21', '國內', '勞工委員會', '中華民國技術士 - 電腦軟體應用', '乙級'),
('日間部四技', '資管系', '40151336', '100', '2', '0101-02-21', '國內', '勞工委員會', '中華民國技術士 - 電腦軟體應用', '乙級'),
('日間部四技', '資管系', '40151131', '100', '2', '0101-02-21', '國內', '勞工委員會', '中華民國技術士 - 電腦軟體應用', '乙級'),
('日間部四技', '資管系', '40151338', '100', '2', '0101-02-21', '國內', '勞工委員會', '中華民國技術士 - 電腦軟體應用', '乙級'),
('日間部四技', '資管系', '40151104', '100', '2', '0101-02-22', '國內', '勞工委員會', '中華民國技術士 - 電腦軟體應用', '乙級'),
('日間部四技', '資管系', '40151105', '100', '2', '0101-02-22', '國內', '勞工委員會', '中華民國技術士 - 電腦軟體應用', '乙級'),
('日間部四技', '資管系', '40151149', '100', '2', '0101-02-22', '國內', '勞工委員會', '中華民國技術士 - 電腦軟體應用', '乙級'),
('日間部四技', '資管系', '40151134', '100', '2', '0101-02-22', '國內', '勞工委員會', '中華民國技術士 - 電腦軟體應用', '乙級'),
('日間部四技', '資管系', '40151211', '100', '2', '0101-02-23', '國內', '勞工委員會', '中華民國技術士 - 電腦軟體應用', '乙級'),
('日間部四技', '資管系', '40151210', '100', '2', '0101-02-23', '國內', '勞工委員會', '中華民國技術士 - 電腦軟體應用', '乙級'),
('日間部四技', '資管系', '40151213', '100', '2', '0101-02-23', '國內', '勞工委員會', '中華民國技術士 - 電腦軟體應用', '乙級'),
('日間部四技', '資管系', '40151141', '100', '2', '0101-02-23', '國內', '勞工委員會', '中華民國技術士 - 電腦軟體應用', '乙級'),
('日間部四技', '資管系', '40151133', '100', '2', '0101-02-23', '國內', '勞工委員會', '中華民國技術士 - 電腦軟體應用', '乙級'),
('日間部四技', '資管系', '40151135', '100', '2', '0101-03-03', '國內', '勞工委員會', '中華民國技術士 - 電腦軟體應用', '乙級'),
('日間部四技', '資管系', '40151217', '100', '2', '0101-03-08', '國內', '勞工委員會', '中華民國技術士 - 電腦軟體應用', '乙級'),
('日間部四技', '資管系', '40151123', '100', '2', '0101-03-21', '國內', '勞工委員會', '中華民國技術士 - 電腦軟體應用', '乙級'),
('日間部四技', '資管系', '40151259', '100', '2', '0101-03-21', '國內', '勞工委員會', '中華民國技術士 - 電腦軟體應用', '乙級'),
('日間部四技', '資管系', '40151117', '100', '2', '0101-03-21', '國內', '勞工委員會', '中華民國技術士 - 電腦軟體應用', '乙級'),
('日間部四技', '資管系', '40151235', '100', '2', '0101-03-21', '國內', '勞工委員會', '中華民國技術士 - 電腦軟體應用', '乙級'),
('日間部四技', '資管系', '40151115', '100', '2', '0101-03-21', '國內', '勞工委員會', '中華民國技術士 - 電腦軟體應用', '乙級'),
('日間部四技', '資管系', '40151355', '100', '2', '0101-03-21', '國內', '勞工委員會', '中華民國技術士 - 電腦軟體應用', '乙級'),
('日間部四技', '資管系', '40151317', '100', '2', '0101-03-21', '國內', '勞工委員會', '中華民國技術士 - 電腦軟體應用', '乙級'),
('日間部四技', '資管系', '40151116', '100', '2', '0101-03-21', '國內', '勞工委員會', '中華民國技術士 - 電腦軟體應用', '乙級'),
('日間部四技', '資管系', '40151113', '100', '2', '0101-03-21', '國內', '勞工委員會', '中華民國技術士 - 電腦軟體應用', '乙級'),
('日間部四技', '資管系', '40151315', '100', '2', '0101-03-21', '國內', '勞工委員會', '中華民國技術士 - 電腦軟體應用', '乙級'),
('日間部四技', '資管系', '40151344', '100', '2', '0101-03-26', '國內', '勞工委員會', '中華民國技術士 - 電腦軟體應用', '乙級'),
('日間部四技', '資管系', '40151217', '100', '2', '0101-03-02', '國內', '(CSF)Computer Skills', 'TQC 專業 e-Office 人員', ''),
('日間部四技', '資管系', '40151141', '100', '2', '0101-05-11', '國內', '(CSF)Computer Skills', 'TQC 專業 e-Office 人員', ''),
('日間部四技', '資管系', '40151141', '100', '2', '0101-05-11', '國內', '(CSF)Computer Skills', 'TQC 專業人事人員', ''),
('日間部四技', '資管系', '40151217', '100', '2', '0101-03-02', '國內', '(CSF)Computer Skills', 'TQC 專業人事人員', ''),
('日間部四技', '資管系', '40151141', '100', '2', '0101-05-11', '國內', '(CSF)Computer Skills', 'TQC 專業中文秘書人員', ''),
('日間部四技', '資管系', '40151217', '100', '2', '0101-03-02', '國內', '(CSF)Computer Skills', 'TQC 專業文書人員', ''),
('日間部四技', '資管系', '40151217', '100', '2', '0101-03-02', '國內', '(CSF)Computer Skills', 'TQC 專業企畫人員', ''),
('日間部四技', '資管系', '40151141', '100', '2', '0101-05-11', '國內', '(CSF)Computer Skills', 'TQC 專業企畫人員', ''),
('日間部四技', '資管系', '40151141', '100', '2', '0101-05-11', '國內', '(CSF)Computer Skills', 'TQC 專業行銷人員', ''),
('日間部四技', '資管系', '40151217', '100', '2', '0101-05-11', '國內', '(CSF)Computer Skills', 'TQC 專業行銷人員', ''),
('日間部四技', '資管系', '40151217', '100', '2', '0101-03-02', '國內', '(CSF)Computer Skills', 'TQC 專業英文秘書人員', ''),
('日間部四技', '資管系', '40151141', '100', '2', '0101-07-04', '國內', '中華民國海爆協會', '水上安全救生員', ''),
('日間部四技', '資管系', '49951148', '100', '2', '0101-06-30', '國外', 'Red Hat , Inc.', '(RHCSA)Red Hat Certi', ''),
('日間部四技', '資管系', '40051250', '100', '2', '0101-06-09', '國內', '(CSF)Computer Skills', 'TQC-DK 電子商務概論', '專業級'),
('日間部四技', '資管系', '40151133', '101', '1', '0101-08-09', '國內', '勞工委員會', '中華民國技術士 - 門市服務', '丙級'),
('日間部四技', '資管系', '40151122', '101', '1', '0101-09-23', '國內', '勞工委員會', '中華民國技術士 - 電腦軟體應用', '丙級'),
('日間部碩士', '電商所', 'M0041102', '100', '1', '0101-06-09', '國內', '(CSF)Computer Skills', 'TQC-DK 電子商務概論', '專業級'),
('日間部碩士', '電商所', 'M0041102', '100', '1', '0101-06-12', '國內', '(CSF)Computer Skills', 'EEC-EEAP 企業電子化助理規劃師', ''),
('進修部四技', '資管系', 'F9851101', '98', '2', '0099-06-20', '國內', '(CSF)Computer Skills', 'TQC-DK 電子商務概論', '專業級'),
('進修部四技', '資管系', 'F9851127', '98', '2', '0099-06-20', '國內', '(CSF)Computer Skills', 'TQC-DK 電子商務概論', '專業級'),
('進修部四技', '資管系', 'F9851138', '98', '2', '0099-06-20', '國內', '(CSF)Computer Skills', 'TQC-DK 電子商務概論', '專業級'),
('進修部四技', '資管系', 'F9851123', '98', '2', '0099-06-20', '國內', '(CSF)Computer Skills', 'TQC-DK 電子商務概論', '專業級'),
('進修部四技', '資管系', 'F9851110', '98', '2', '0099-06-20', '國內', '(CSF)Computer Skills', 'TQC-DK 電子商務概論', '專業級'),
('進修部四技', '資管系', 'F9851107', '98', '2', '0099-06-20', '國內', '(CSF)Computer Skills', 'TQC-DK 電子商務概論', '專業級'),
('進修部四技', '資管系', 'F9851104', '98', '2', '0099-06-20', '國內', '(CSF)Computer Skills', 'TQC-DK 電子商務概論', '專業級'),
('進修部四技', '資管系', 'F9851129', '98', '2', '0099-06-20', '國內', '(CSF)Computer Skills', 'TQC-DK 電子商務概論', '專業級'),
('進修部四技', '資管系', 'F9851141', '98', '2', '0099-06-20', '國內', '(CSF)Computer Skills', 'TQC-DK 電子商務概論', '專業級'),
('進修部四技', '資管系', 'F9851145', '98', '2', '0099-05-30', '國內', '勞工委員會', '中華民國技術士 - 電腦硬體裝修', '丙級'),
('進修部四技', '資管系', 'F9951111', '98', '2', '0099-03-09', '國內', '勞工委員會', '中華民國技術士 - 電腦軟體應用', '乙級'),
('進修部四技', '資管系', 'F9951128', '98', '2', '0099-03-09', '國內', '勞工委員會', '中華民國技術士 - 電腦軟體應用', '乙級'),
('進修部四技', '資管系', 'F9951116', '98', '2', '0099-03-04', '國內', '勞工委員會', '中華民國技術士 - 電腦軟體應用', '乙級'),
('進修部四技', '資管系', 'F9951104', '98', '2', '0099-03-02', '國內', '勞工委員會', '中華民國技術士 - 電腦軟體應用', '乙級'),
('進修部四技', '資管系', 'F9851101', '98', '2', '0099-06-20', '國內', '(CSF)Computer Skills', 'TQC-OA Internet Expl', '專業級'),
('進修部四技', '資管系', 'F9851127', '98', '2', '0099-06-20', '國內', '(CSF)Computer Skills', 'TQC-OA Internet Expl', '專業級'),
('進修部四技', '資管系', 'F9851138', '98', '2', '0099-06-20', '國內', '(CSF)Computer Skills', 'TQC-OA Internet Expl', '專業級'),
('進修部四技', '資管系', 'F9851123', '98', '2', '0099-06-20', '國內', '(CSF)Computer Skills', 'TQC-OA Internet Expl', '專業級'),
('進修部四技', '資管系', 'F9851110', '98', '2', '0099-06-20', '國內', '(CSF)Computer Skills', 'TQC-OA Internet Expl', '專業級'),
('進修部四技', '資管系', 'F9851107', '98', '2', '0099-06-20', '國內', '(CSF)Computer Skills', 'TQC-OA Internet Expl', '專業級'),
('進修部四技', '資管系', 'F9851104', '98', '2', '0099-06-20', '國內', '(CSF)Computer Skills', 'TQC-OA Internet Expl', '專業級'),
('進修部四技', '資管系', 'F9851129', '98', '2', '0099-06-20', '國內', '(CSF)Computer Skills', 'TQC-OA Internet Expl', '專業級'),
('進修部四技', '資管系', 'F9851141', '98', '2', '0099-06-20', '國內', '(CSF)Computer Skills', 'TQC-OA Internet Expl', '專業級'),
('進修部四技', '資管系', 'F9851101', '99', '1', '0099-10-15', '國內', '(CSF)Computer Skills', 'EEC-EEAP 企業電子化助理規劃師', ''),
('進修部四技', '資管系', 'F9851127', '99', '1', '0099-10-15', '國內', '(CSF)Computer Skills', 'EEC-EEAP 企業電子化助理規劃師', ''),
('進修部四技', '資管系', 'F9851138', '99', '1', '0099-10-15', '國內', '(CSF)Computer Skills', 'EEC-EEAP 企業電子化助理規劃師', ''),
('進修部四技', '資管系', 'F9851123', '99', '1', '0099-10-15', '國內', '(CSF)Computer Skills', 'EEC-EEAP 企業電子化助理規劃師', ''),
('進修部四技', '資管系', 'F9851110', '99', '1', '0099-10-15', '國內', '(CSF)Computer Skills', 'EEC-EEAP 企業電子化助理規劃師', ''),
('進修部四技', '資管系', 'F9851107', '99', '1', '0099-10-15', '國內', '(CSF)Computer Skills', 'EEC-EEAP 企業電子化助理規劃師', ''),
('進修部四技', '資管系', 'F9851104', '99', '1', '0099-10-15', '國內', '(CSF)Computer Skills', 'EEC-EEAP 企業電子化助理規劃師', ''),
('進修部四技', '資管系', 'F9851129', '99', '1', '0099-10-15', '國內', '(CSF)Computer Skills', 'EEC-EEAP 企業電子化助理規劃師', ''),
('進修部四技', '資管系', 'F9951121', '99', '2', '0100-06-11', '國內', '(CSF)Computer Skills', 'TQC-OA Internet Expl', '專業級'),
('進修部四技', '資管系', 'F9951125', '99', '2', '0100-06-11', '國內', '(CSF)Computer Skills', 'TQC-OA Internet Expl', '專業級'),
('進修部四技', '資管系', 'F9951108', '99', '2', '0100-06-11', '國內', '(CSF)Computer Skills', 'TQC-OA Internet Expl', '專業級'),
('進修部四技', '資管系', 'F9951107', '99', '2', '0100-06-11', '國內', '(CSF)Computer Skills', 'TQC-OA Internet Expl', '專業級'),
('進修部四技', '資管系', 'F9951124', '99', '2', '0100-06-11', '國內', '(CSF)Computer Skills', 'TQC-OA Internet Expl', '專業級'),
('進修部四技', '資管系', 'F9951109', '99', '2', '0100-06-11', '國內', '(CSF)Computer Skills', 'TQC-OA Internet Expl', '專業級'),
('進修部四技', '資管系', 'F9951111', '99', '2', '0100-06-11', '國內', '(CSF)Computer Skills', 'TQC-OA Internet Expl', '專業級'),
('進修部四技', '資管系', 'F9951128', '99', '2', '0100-06-11', '國內', '(CSF)Computer Skills', 'TQC-OA Internet Expl', '專業級'),
('進修部四技', '資管系', 'F9951121', '99', '2', '0100-06-11', '國內', '(CSF)Computer Skills', 'TQC-DK 電子商務概論', '專業級'),
('進修部四技', '資管系', 'F9951125', '99', '2', '0100-06-11', '國內', '(CSF)Computer Skills', 'TQC-DK 電子商務概論', '專業級'),
('進修部四技', '資管系', 'F9951108', '99', '2', '0100-06-11', '國內', '(CSF)Computer Skills', 'TQC-DK 電子商務概論', '專業級'),
('進修部四技', '資管系', 'F9951107', '99', '2', '0100-06-11', '國內', '(CSF)Computer Skills', 'TQC-DK 電子商務概論', '專業級'),
('進修部四技', '資管系', 'F9951124', '99', '2', '0100-06-11', '國內', '(CSF)Computer Skills', 'TQC-DK 電子商務概論', '專業級'),
('進修部四技', '資管系', 'F9951109', '99', '2', '0100-06-11', '國內', '(CSF)Computer Skills', 'TQC-DK 電子商務概論', '專業級'),
('進修部四技', '資管系', 'F9951111', '99', '2', '0100-06-11', '國內', '(CSF)Computer Skills', 'TQC-DK 電子商務概論', '專業級'),
('進修部四技', '資管系', 'F9951128', '99', '2', '0100-06-11', '國內', '(CSF)Computer Skills', 'TQC-DK 電子商務概論', '專業級'),
('進修部四技', '資管系', 'F9951121', '99', '2', '0100-06-30', '國內', '(CSF)Computer Skills', 'EEC-EEAP 企業電子化助理規劃師', ''),
('進修部四技', '資管系', 'F9951125', '99', '2', '0100-06-30', '國內', '(CSF)Computer Skills', 'EEC-EEAP 企業電子化助理規劃師', ''),
('進修部四技', '資管系', 'F9951108', '99', '2', '0100-06-30', '國內', '(CSF)Computer Skills', 'EEC-EEAP 企業電子化助理規劃師', ''),
('進修部四技', '資管系', 'F9951107', '99', '2', '0100-06-30', '國內', '(CSF)Computer Skills', 'EEC-EEAP 企業電子化助理規劃師', ''),
('進修部四技', '資管系', 'F9951124', '99', '2', '0100-06-30', '國內', '(CSF)Computer Skills', 'EEC-EEAP 企業電子化助理規劃師', ''),
('進修部四技', '資管系', 'F9951109', '99', '2', '0100-06-30', '國內', '(CSF)Computer Skills', 'EEC-EEAP 企業電子化助理規劃師', ''),
('進修部四技', '資管系', 'F9951111', '99', '2', '0100-06-30', '國內', '(CSF)Computer Skills', 'EEC-EEAP 企業電子化助理規劃師', ''),
('進修部四技', '資管系', 'F9951128', '99', '2', '0100-06-30', '國內', '(CSF)Computer Skills', 'EEC-EEAP 企業電子化助理規劃師', ''),
('進修部四技', '資管系', 'F0051103', '100', '2', '0101-06-09', '國內', '(CSF)Computer Skills', 'TQC-DK 電子商務概論', '專業級'),
('進修部四技', '資管系', 'F0051102', '100', '2', '0101-06-12', '國內', '(CSF)Computer Skills', 'EEC-EEAP 企業電子化助理規劃師', ''),
('進修部四技', '資管系', 'F0051108', '100', '2', '0101-06-09', '國內', '(CSF)Computer Skills', 'TQC-DK 電子商務概論', '專業級'),
('進修部四技', '資管系', 'F0051107', '100', '2', '0101-06-09', '國內', '(CSF)Computer Skills', 'TQC-DK 電子商務概論', '專業級'),
('進修部四技', '資管系', 'F0051110', '100', '2', '0101-06-09', '國內', '(CSF)Computer Skills', 'TQC-DK 電子商務概論', '專業級'),
('進修部四技', '資管系', 'F0051102', '100', '2', '0101-06-09', '國內', '(CSF)Computer Skills', 'TQC-DK 電子商務概論', '專業級'),
('進修部四技', '資管系', 'F0051105', '100', '2', '0101-06-09', '國內', '(CSF)Computer Skills', 'TQC-DK 電子商務概論', '專業級'),
('進修部四技', '資管系', 'F9851115', '100', '2', '0101-06-09', '國內', '(CSF)Computer Skills', 'TQC-DK 電子商務概論', '專業級'),
('進修部四技', '資管系', 'F0051108', '100', '2', '0101-06-12', '國內', '(CSF)Computer Skills', 'EEC-EEAP 企業電子化助理規劃師', ''),
('進修部四技', '資管系', 'F0051103', '100', '2', '0101-06-12', '國內', '(CSF)Computer Skills', 'EEC-EEAP 企業電子化助理規劃師', ''),
('進修部四技', '資管系', 'F0051107', '100', '2', '0101-06-12', '國內', '(CSF)Computer Skills', 'EEC-EEAP 企業電子化助理規劃師', ''),
('進修部四技', '資管系', 'F0051110', '100', '2', '0101-06-12', '國內', '(CSF)Computer Skills', 'EEC-EEAP 企業電子化助理規劃師', ''),
('進修部四技', '資管系', 'F0051105', '100', '2', '0101-06-12', '國內', '(CSF)Computer Skills', 'EEC-EEAP 企業電子化助理規劃師', ''),
('進修部四技', '資管系', 'F9851115', '100', '2', '0101-06-12', '國內', '(CSF)Computer Skills', 'EEC-EEAP 企業電子化助理規劃師', ''),
('日間部四技', '資管系', '40551101', '98', '1', '0098-12-16', '國內', '勞工委員會', '中華民國技術士 - 電腦軟體應用', '丙級'),
('日間部四技', '資管系', '40551101', '98', '2', '0099-05-04', '國內', '(CSF)Computer Skills', 'TQC 專業文書人員', ''),
('日間部四技', '資管系', '40551101', '100', '2', '0101-05-18', '國外', 'Adobe Systems', 'Adobe Certified ', '');

-- --------------------------------------------------------

--
-- 表的結構 `im`
--

CREATE TABLE IF NOT EXISTS `im` (
  `student_id` varchar(10) NOT NULL,
  `password` varchar(10) NOT NULL,
  `name` varchar(10) NOT NULL,
  `class` varchar(20) NOT NULL,
  PRIMARY KEY (`student_id`)
) ENGINE=InnoDB DEFAULT CHARSET=utf8;

--
-- 轉存資料表中的資料 `im`
--

INSERT INTO `im` (`student_id`, `password`, `name`, `class`) VALUES
('40051102', '40051102', '黃雋彥', '日間部四技'),
('40051104', '40051104', '何金儒', '日間部四技'),
('40051105', '40051105', '周惠英', '日間部四技'),
('40051106', '40051106', '廖偉廷', '日間部四技'),
('40051107', '40051107', '蕭亦棻', '日間部四技'),
('40051108', '40051108', '吳育安', '日間部四技'),
('40051110', '40051110', '洪偲瑜', '日間部四技'),
('40051111', '40051111', '劉哲宇', '日間部四技'),
('40051112', '40051112', '陳怡霖', '日間部四技'),
('40051113', '40051113', '郭哲志', '日間部四技'),
('40051114', '40051114', '蔡佳勳', '日間部四技'),
('40051116', '40051116', '羅雅薰', '日間部四技'),
('40051117', '40051117', '張原奇', '日間部四技'),
('40051119', '40051119', '呂宜霖', '日間部四技'),
('40051120', '40051120', '黃俊齊', '日間部四技'),
('40051121', '40051121', '林宇晨', '日間部四技'),
('40051122', '40051122', '陳韻捷', '日間部四技'),
('40051123', '40051123', '林暉恩', '日間部四技'),
('40051124', '40051124', '劉真里', '日間部四技'),
('40051125', '40051125', '陳廷曜', '日間部四技'),
('40051126', '40051126', '張哲瑋', '日間部四技'),
('40051128', '40051128', '畢恩綺', '日間部四技'),
('40051130', '40051130', '江宗穎', '日間部四技'),
('40051131', '40051131', '張根碩', '日間部四技'),
('40051132', '40051132', '余幸芳', '日間部四技'),
('40051134', '40051134', '蔡昕宏', '日間部四技'),
('40051136', '40051136', '吳東震', '日間部四技'),
('40051137', '40051137', '楊昆霖', '日間部四技'),
('40051138', '40051138', '黃昱誠', '日間部四技'),
('40051139', '40051139', '姜品瑜', '日間部四技'),
('40051141', '40051141', '賈浩偉', '日間部四技'),
('40051143', '40051143', '鄭安琪', '日間部四技'),
('40051144', '40051144', '郭庭妤', '日間部四技'),
('40051147', '40051147', '龔奕安', '日間部四技'),
('40051148', '40051148', '范祐禎', '日間部四技'),
('40051151', '40051151', '魏亞傑', '日間部四技'),
('40051154', '40051154', '莊佩淇', '日間部四技'),
('40051157', '40051157', '林鴻傑', '日間部四技'),
('40051158', '40051158', '連宥凱', '日間部四技'),
('40051159', '40051159', '吳星錦', '日間部四技'),
('40051160', '40051160', '曹雅雯', '日間部四技'),
('40051161', '40051161', '郭哲羽', '日間部四技'),
('40051201', '40051201', '高祥聞', '日間部四技'),
('40051202', '40051202', '劉育誠', '日間部四技'),
('40051203', '40051203', '鄭煒慶', '日間部四技'),
('40051204', '40051204', '黃建錡', '日間部四技'),
('40051205', '40051205', '李富斌', '日間部四技'),
('40051206', '40051206', '汪正昆', '日間部四技'),
('40051207', '40051207', '呂佳曄', '日間部四技'),
('40051209', '40051209', '李旻紘', '日間部四技'),
('40051210', '40051210', '陳彥伶', '日間部四技'),
('40051211', '40051211', '溫盛隆', '日間部四技'),
('40051214', '40051214', '卓俊廷', '日間部四技'),
('40051217', '40051217', '張凱淵', '日間部四技'),
('40051218', '40051218', '黃煒峻', '日間部四技'),
('40051222', '40051222', '廖啟維', '日間部四技'),
('40051223', '40051223', '林銘軒', '日間部四技'),
('40051224', '40051224', '劉文逸', '日間部四技'),
('40051225', '40051225', '吳勁鋒', '日間部四技'),
('40051226', '40051226', '張慈育', '日間部四技'),
('40051227', '40051227', '謝?霖', '日間部四技'),
('40051228', '40051228', '陳煒翔', '日間部四技'),
('40051229', '40051229', '鄒文豪', '日間部四技'),
('40051230', '40051230', '周柏萱', '日間部四技'),
('40051231', '40051231', '葉哲志', '日間部四技'),
('40051232', '40051232', '顏佳儀', '日間部四技'),
('40051233', '40051233', '黃治維', '日間部四技'),
('40051234', '40051234', '郭永麒', '日間部四技'),
('40051236', '40051236', '歐陽達夫', '日間部四技'),
('40051239', '40051239', '賴廷杰', '日間部四技'),
('40051240', '40051240', '何 昱', '日間部四技'),
('40051242', '40051242', '林軒偉', '日間部四技'),
('40051243', '40051243', '陳姿穎', '日間部四技'),
('40051246', '40051246', '楊凱惟', '日間部四技'),
('40051248', '40051248', '徐祥庭', '日間部四技'),
('40051249', '40051249', '劉欣宜', '日間部四技'),
('40051250', '40051250', '施宗佑', '日間部四技'),
('40051255', '40051255', '謝煒成', '日間部四技'),
('40051256', '40051256', '林昱緯', '日間部四技'),
('40051260', '40051260', '張佳華', '日間部四技'),
('40051261', '40051261', '林慕恩', '日間部四技'),
('40051301', '40051301', '許雯媛', '日間部四技'),
('40051304', '40051304', '孫昱翔', '日間部四技'),
('40051305', '40051305', '王日均', '日間部四技'),
('40051306', '40051306', '蔡尚宏', '日間部四技'),
('40051309', '40051309', '吳冠霖', '日間部四技'),
('40051310', '40051310', '汪詩涵', '日間部四技'),
('40051311', '40051311', '程柏翔', '日間部四技'),
('40051312', '40051312', '許韶娟', '日間部四技'),
('40051313', '40051313', '林家偉', '日間部四技'),
('40051314', '40051314', '蔣仲林', '日間部四技'),
('40051317', '40051317', '粘雅筑', '日間部四技'),
('40051319', '40051319', '謝應綸', '日間部四技'),
('40051321', '40051321', '林志平', '日間部四技'),
('40051322', '40051322', '許郁甄', '日間部四技'),
('40051325', '40051325', '鄭俊彥', '日間部四技'),
('40051328', '40051328', '陳怡潔', '日間部四技'),
('40051332', '40051332', '林濟宣', '日間部四技'),
('40051333', '40051333', '張承睿', '日間部四技'),
('40051334', '40051334', '林佩蓁', '日間部四技'),
('40051336', '40051336', '劉子鈺', '日間部四技'),
('40051337', '40051337', '洪詩婷', '日間部四技'),
('40051339', '40051339', '龔冠維', '日間部四技'),
('40051341', '40051341', '黃俊憲', '日間部四技'),
('40051342', '40051342', '何愷捷', '日間部四技'),
('40051343', '40051343', '高裕嵩', '日間部四技'),
('40051345', '40051345', '張鈞凱', '日間部四技'),
('40051347', '40051347', '余孟宣', '日間部四技'),
('40051349', '40051349', '楊子寬', '日間部四技'),
('40051351', '40051351', '角宗佑', '日間部四技'),
('40051352', '40051352', '曾昱翔', '日間部四技'),
('40051353', '40051353', '鄭懿芸', '日間部四技'),
('40051354', '40051354', '張庭瑋', '日間部四技'),
('40051355', '40051355', '陳柔慧', '日間部四技'),
('40151104', '40151104', '陳清豪', '日間部四技'),
('40151105', '40151105', '呂哲瑋', '日間部四技'),
('40151113', '40151113', '呂勝凱', '日間部四技'),
('40151114', '40151114', '林雅婷', '日間部四技'),
('40151115', '40151115', '顏誌賢', '日間部四技'),
('40151116', '40151116', '陳柏豪', '日間部四技'),
('40151117', '40151117', '華柏勳', '日間部四技'),
('40151122', '40151122', '吳子瑜', '日間部四技'),
('40151123', '40151123', '董 杰', '日間部四技'),
('40151131', '40151131', '陳怡瑄', '日間部四技'),
('40151133', '40151133', '楊采弦', '日間部四技'),
('40151134', '40151134', '陳彥樺', '日間部四技'),
('40151135', '40151135', '江明穗', '日間部四技'),
('40151141', '40151141', '張智媛', '日間部四技'),
('40151149', '40151149', '張雯閔', '日間部四技'),
('40151210', '40151210', '許佩淇', '日間部四技'),
('40151211', '40151211', '洪鈺婷', '日間部四技'),
('40151213', '40151213', '曾品華', '日間部四技'),
('40151217', '40151217', '林憶萱', '日間部四技'),
('40151225', '40151225', '陳彥吟', '日間部四技'),
('40151234', '40151234', '李名立', '日間部四技'),
('40151235', '40151235', '張哲與', '日間部四技'),
('40151259', '40151259', '陳奕潤', '日間部四技'),
('40151315', '40151315', '吳偉銘', '日間部四技'),
('40151317', '40151317', '王騰輝', '日間部四技'),
('40151325', '40151325', '黃炤維', '日間部四技'),
('40151336', '40151336', '陳佩嫻', '日間部四技'),
('40151338', '40151338', '張凱圳', '日間部四技'),
('40151344', '40151344', '阮巧萍', '日間部四技'),
('40151355', '40151355', '辛浩維', '日間部四技'),
('40151357', '40151357', '袁翊展', '日間部四技'),
('40551101', '40551101', '王小明', '日間部四技'),
('49831207', '49831207', '蔡長均', '日間部四技'),
('49851101', '49851101', '張宇勛', '日間部四技'),
('49851102', '49851102', '呂湘婷', '日間部四技'),
('49851103', '49851103', '謝逸靜', '日間部四技'),
('49851104', '49851104', '康家豪', '日間部四技'),
('49851105', '49851105', '邱儀萱', '日間部四技'),
('49851106', '49851106', '廖于萱', '日間部四技'),
('49851107', '49851107', '杜文賓', '日間部四技'),
('49851108', '49851108', '王士斌', '日間部四技'),
('49851109', '49851109', '簡珮羽', '日間部四技'),
('49851110', '49851110', '周詩文', '日間部四技'),
('49851111', '49851111', '張友維', '日間部四技'),
('49851114', '49851114', '鄭智遠', '日間部四技'),
('49851115', '49851115', '謝佩穎', '日間部四技'),
('49851117', '49851117', '林星宇', '日間部四技'),
('49851118', '49851118', '闞 遙', '日間部四技'),
('49851119', '49851119', '李世維', '日間部四技'),
('49851120', '49851120', '吳昌隆', '日間部四技'),
('49851121', '49851121', '黃詩竣', '日間部四技'),
('49851122', '49851122', '黃巧婕', '日間部四技'),
('49851123', '49851123', '何宜蓁', '日間部四技'),
('49851125', '49851125', '許瀚升', '日間部四技'),
('49851126', '49851126', '黃靖婷', '日間部四技'),
('49851128', '49851128', '黃辰皓', '日間部四技'),
('49851129', '49851129', '蔡宜潔', '日間部四技'),
('49851130', '49851130', '曾宗佑', '日間部四技'),
('49851132', '49851132', '劉睿和', '日間部四技'),
('49851133', '49851133', '游日豐', '日間部四技'),
('49851136', '49851136', '丁筱津', '日間部四技'),
('49851138', '49851138', '陳于翔', '日間部四技'),
('49851139', '49851139', '賴俊佑', '日間部四技'),
('49851140', '49851140', '張詠貽', '日間部四技'),
('49851141', '49851141', '林金忠', '日間部四技'),
('49851142', '49851142', '許智凱', '日間部四技'),
('49851144', '49851144', '洪偉霖', '日間部四技'),
('49851145', '49851145', '徐怡婷', '日間部四技'),
('49851147', '49851147', '丁政榮', '日間部四技'),
('49851149', '49851149', '李啟瑞', '日間部四技'),
('49851155', '49851155', '郭宗翰', '日間部四技'),
('49851157', '49851157', '陳俊華', '日間部四技'),
('49851158', '49851158', '邱顯鴻', '日間部四技'),
('49851159', '49851159', '宋宜倫', '日間部四技'),
('49851160', '49851160', '李宜庭', '日間部四技'),
('49851162', '49851162', '姚明宏', '日間部四技'),
('49851164', '49851164', '李祐安', '日間部四技'),
('49851166', '49851166', '戴廷安', '日間部四技'),
('49851202', '49851202', '許竣凱', '日間部四技'),
('49851203', '49851203', '曹榮威', '日間部四技'),
('49851204', '49851204', '吳昀諺', '日間部四技'),
('49851205', '49851205', '周偉信', '日間部四技'),
('49851206', '49851206', '黃偉智', '日間部四技'),
('49851207', '49851207', '林婉蒨', '日間部四技'),
('49851208', '49851208', '陳冠維', '日間部四技'),
('49851210', '49851210', '廖柏翔', '日間部四技'),
('49851211', '49851211', '廖彥傑', '日間部四技'),
('49851212', '49851212', '蘇贊耀', '日間部四技'),
('49851213', '49851213', '李泓德', '日間部四技'),
('49851214', '49851214', '江柏宏', '日間部四技'),
('49851215', '49851215', '張伊雯', '日間部四技'),
('49851219', '49851219', '吳俊霖', '日間部四技'),
('49851220', '49851220', '張語涵', '日間部四技'),
('49851221', '49851221', '吳姿誼', '日間部四技'),
('49851223', '49851223', '吳亞婷', '日間部四技'),
('49851225', '49851225', '阮冠翔', '日間部四技'),
('49851227', '49851227', '詹凱程', '日間部四技'),
('49851230', '49851230', '黃信榮', '日間部四技'),
('49851231', '49851231', '?欣妤', '日間部四技'),
('49851232', '49851232', '林紋萱', '日間部四技'),
('49851233', '49851233', '陳思卉', '日間部四技'),
('49851235', '49851235', '李依恬', '日間部四技'),
('49851237', '49851237', '?德彬', '日間部四技'),
('49851238', '49851238', '丁殿庭', '日間部四技'),
('49851239', '49851239', '李學斌', '日間部四技'),
('49851240', '49851240', '陳昱綸', '日間部四技'),
('49851241', '49851241', '汪欣儀', '日間部四技'),
('49851242', '49851242', '郭奇磬', '日間部四技'),
('49851243', '49851243', '郭子豪', '日間部四技'),
('49851244', '49851244', '陳奕志', '日間部四技'),
('49851245', '49851245', '李彥輝', '日間部四技'),
('49851246', '49851246', '邱顯洲', '日間部四技'),
('49851247', '49851247', '劉昱辰', '日間部四技'),
('49851248', '49851248', '曾筱珊', '日間部四技'),
('49851249', '49851249', '劉芳廷', '日間部四技'),
('49851250', '49851250', '周世玉', '日間部四技'),
('49851251', '49851251', '蔡宏明', '日間部四技'),
('49851252', '49851252', '賴秀玟', '日間部四技'),
('49851253', '49851253', '王詩涵', '日間部四技'),
('49851256', '49851256', '林峻豪', '日間部四技'),
('49851258', '49851258', '王聖文', '日間部四技'),
('49851260', '49851260', '林厚安', '日間部四技'),
('49851264', '49851264', '陳釋栩', '日間部四技'),
('49851265', '49851265', '吳士昌', '日間部四技'),
('49851267', '49851267', '樓映彤', '日間部四技'),
('49908101', '49908101', '黃楷翔', '日間部四技'),
('49951102', '49951102', '傅思涵', '日間部四技'),
('49951103', '49951103', '黃雅芳', '日間部四技'),
('49951105', '49951105', '楊璨任', '日間部四技'),
('49951107', '49951107', '俞家勛', '日間部四技'),
('49951108', '49951108', '吳承恩', '日間部四技'),
('49951109', '49951109', '蔡柏彥', '日間部四技'),
('49951110', '49951110', '游仲凱', '日間部四技'),
('49951112', '49951112', '黎子歆', '日間部四技'),
('49951114', '49951114', '黃筱筠', '日間部四技'),
('49951119', '49951119', '陳妍岑', '日間部四技'),
('49951121', '49951121', '黃莉穎', '日間部四技'),
('49951124', '49951124', '曾彥倫', '日間部四技'),
('49951129', '49951129', '吳嘉勝', '日間部四技'),
('49951130', '49951130', '姜傳為', '日間部四技'),
('49951131', '49951131', '林世庭', '日間部四技'),
('49951132', '49951132', '林忠義', '日間部四技'),
('49951133', '49951133', '蘇 駿', '日間部四技'),
('49951134', '49951134', '蔡立中', '日間部四技'),
('49951135', '49951135', '黃培瑋', '日間部四技'),
('49951137', '49951137', '謝宗益', '日間部四技'),
('49951138', '49951138', '廖翊婷', '日間部四技'),
('49951139', '49951139', '黃騰毅', '日間部四技'),
('49951140', '49951140', '張哲維', '日間部四技'),
('49951143', '49951143', '陳嘉紹', '日間部四技'),
('49951144', '49951144', '蔡綾惠', '日間部四技'),
('49951147', '49951147', '王中宇', '日間部四技'),
('49951148', '49951148', '周俊廷', '日間部四技'),
('49951149', '49951149', '吳奐璋', '日間部四技'),
('49951150', '49951150', '陳咸維', '日間部四技'),
('49951151', '49951151', '戴崇宇', '日間部四技'),
('49951152', '49951152', '劉鎮逢', '日間部四技'),
('49951153', '49951153', '呂紹宇', '日間部四技'),
('49951155', '49951155', '劉家顯', '日間部四技'),
('49951156', '49951156', '高郁晴', '日間部四技'),
('49951157', '49951157', '呂國銘', '日間部四技'),
('49951159', '49951159', '王冬菊', '日間部四技'),
('49951161', '49951161', '高佑仁', '日間部四技'),
('49951163', '49951163', '周秉錕', '日間部四技'),
('49951201', '49951201', '邱簡懋', '日間部四技'),
('49951202', '49951202', '羅新智', '日間部四技'),
('49951203', '49951203', '黃國禎', '日間部四技'),
('49951204', '49951204', '吳品潔', '日間部四技'),
('49951205', '49951205', '黃威綸', '日間部四技'),
('49951206', '49951206', '李冠毅', '日間部四技'),
('49951208', '49951208', '蔡雯如', '日間部四技'),
('49951210', '49951210', '張雅琇', '日間部四技'),
('49951211', '49951211', '徐宗義', '日間部四技'),
('49951212', '49951212', '葉厚均', '日間部四技'),
('49951213', '49951213', '陳致伊', '日間部四技'),
('49951214', '49951214', '林柏佑', '日間部四技'),
('49951217', '49951217', '陳巧育', '日間部四技'),
('49951219', '49951219', '蔡孟勳', '日間部四技'),
('49951220', '49951220', '張庭瑋', '日間部四技'),
('49951221', '49951221', '黃暉元', '日間部四技'),
('49951222', '49951222', '華宣瑄', '日間部四技'),
('49951227', '49951227', '吳騏任', '日間部四技'),
('49951229', '49951229', '張庭豪', '日間部四技'),
('49951231', '49951231', '蔡武翰', '日間部四技'),
('49951233', '49951233', '張嘉民', '日間部四技'),
('49951234', '49951234', '簡維廷', '日間部四技'),
('49951235', '49951235', '方靖傑', '日間部四技'),
('49951238', '49951238', '蔡泓昆', '日間部四技'),
('49951239', '49951239', '馬政廷', '日間部四技'),
('49951240', '49951240', '翁靖雅', '日間部四技'),
('49951242', '49951242', '鄧雅文', '日間部四技'),
('49951244', '49951244', '胡書瑄', '日間部四技'),
('49951245', '49951245', '楊惠婷', '日間部四技'),
('49951248', '49951248', '翁振輝', '日間部四技'),
('49951252', '49951252', '梁家馨', '日間部四技'),
('49951253', '49951253', '蔡育憲', '日間部四技'),
('49951254', '49951254', '張芝妮', '日間部四技'),
('49951257', '49951257', '熊偉辰', '日間部四技'),
('49951258', '49951258', '翁湘涵', '日間部四技'),
('49951301', '49951301', '周詩婷', '日間部四技'),
('49951302', '49951302', '曾珈儒', '日間部四技'),
('49951304', '49951304', '陳俊安', '日間部四技'),
('49951305', '49951305', '許修源', '日間部四技'),
('49951306', '49951306', '高承志', '日間部四技'),
('49951307', '49951307', '蘇癸安', '日間部四技'),
('49951308', '49951308', '曹詩敏', '日間部四技'),
('49951310', '49951310', '陳禹翔', '日間部四技'),
('49951315', '49951315', '郭汶宜', '日間部四技'),
('49951317', '49951317', '鄭家羽', '日間部四技'),
('49951318', '49951318', '江玟磁', '日間部四技'),
('49951319', '49951319', '吳居晏', '日間部四技'),
('49951324', '49951324', '陳育德', '日間部四技'),
('49951325', '49951325', '林艷君', '日間部四技'),
('49951326', '49951326', '吳俊岳', '日間部四技'),
('49951327', '49951327', '鞠慕恆', '日間部四技'),
('49951329', '49951329', '陳廉忠', '日間部四技'),
('49951330', '49951330', '林家緯', '日間部四技'),
('49951331', '49951331', '黃柏崴', '日間部四技'),
('49951334', '49951334', '何金坪', '日間部四技'),
('49951335', '49951335', '王介正', '日間部四技'),
('49951337', '49951337', '周?如', '日間部四技'),
('49951340', '49951340', '張芝瑜', '日間部四技'),
('49951345', '49951345', '楊育茹', '日間部四技'),
('49951346', '49951346', '賴冠中', '日間部四技'),
('49951347', '49951347', '陳禹彤', '日間部四技'),
('49951348', '49951348', '王碧慧', '日間部四技'),
('49951350', '49951350', '劉建誠', '日間部四技'),
('49951353', '49951353', '邱冠瑋', '日間部四技'),
('49951354', '49951354', '黃威穎', '日間部四技'),
('49951360', '49951360', '吳易道', '日間部四技'),
('49951362', '49951362', '林揚評', '日間部四技'),
('49951363', '49951363', '陳信華', '日間部四技'),
('F0051102', 'F0051102', '陳紫?', '進修部四技'),
('F0051103', 'F0051103', '陳秋燕', '進修部四技'),
('F0051105', 'F0051105', '蔡政憲', '進修部四技'),
('F0051107', 'F0051107', '陳柏羽', '進修部四技'),
('F0051108', 'F0051108', '廖雅慧', '進修部四技'),
('F0051110', 'F0051110', '黃信翰', '進修部四技'),
('F9851101', 'F9851101', '簡玉婷', '進修部四技'),
('F9851104', 'F9851104', '林玫儀', '進修部四技'),
('F9851107', 'F9851107', '李彥樟', '進修部四技'),
('F9851110', 'F9851110', '周冠傑', '進修部四技'),
('F9851115', 'F9851115', '許凱翔', '進修部四技'),
('F9851123', 'F9851123', '陳廷瑋', '進修部四技'),
('F9851127', 'F9851127', '陳裕明', '進修部四技'),
('F9851129', 'F9851129', '陳于珊', '進修部四技'),
('F9851138', 'F9851138', '陳昱昇', '進修部四技'),
('F9851141', 'F9851141', '蘇怡慈', '進修部四技'),
('F9851145', 'F9851145', '黃子紋', '進修部四技'),
('F9951104', 'F9951104', '張祖豪', '進修部四技'),
('F9951107', 'F9951107', '林佳穎', '進修部四技'),
('F9951108', 'F9951108', '黃建榮', '進修部四技'),
('F9951109', 'F9951109', '陳惠琪', '進修部四技'),
('F9951111', 'F9951111', '陳怡秀', '進修部四技'),
('F9951116', 'F9951116', '李玉媛', '進修部四技'),
('F9951121', 'F9951121', '鄧青馨', '進修部四技'),
('F9951124', 'F9951124', '林泰庭', '進修部四技'),
('F9951125', 'F9951125', '洪文龍', '進修部四技'),
('F9951128', 'F9951128', '林文華', '進修部四技'),
('M0041102', 'M0041102', '戴儀政', '日間部碩士');

-- --------------------------------------------------------

--
-- 表的結構 `license`
--

CREATE TABLE IF NOT EXISTS `license` (
  `license_id` int(11) NOT NULL,
  `new_id` varchar(20) NOT NULL,
  `license_category` varchar(100) DEFAULT NULL,
  `licensing_units` varchar(100) DEFAULT NULL,
  `license_name` varchar(100) DEFAULT NULL,
  `series` varchar(100) DEFAULT NULL,
  `count` int(11) DEFAULT NULL,
  PRIMARY KEY (`license_id`)
) ENGINE=InnoDB DEFAULT CHARSET=utf8;

--
-- 轉存資料表中的資料 `license`
--

INSERT INTO `license` (`license_id`, `new_id`, `license_category`, `licensing_units`, `license_name`, `series`, `count`) VALUES
(1, 'GLAA', '政府機關', '行政院勞工委員會', '凡行政院勞委會核發之職類皆可認列', '甲', 8),
(2, 'GLAB', '政府機關', '行政院勞工委員會', '凡行政院勞委會核發之職類皆可認列', '乙', 5),
(3, 'GLAC', '政府機關', '行政院勞工委員會', '凡行政院勞委會核發之職類皆可認列', '丙', 3),
(4, 'PTQCA', '專業證照', '中華民國電腦技能基金會', 'TQC-WD、TQC-PD、TQC-OS、TQC-OA、TQC-MD、TQC-IP、TQC-DK、TQC-DA、TQC專業財會人員、TQC-EEC', '專業級', 2),
(5, 'PTQCB', '專業證照', '中華民國電腦技能基金會', 'TQC-WD、TQC-PD、TQC-OS、TQC-OA、TQC-MD、TQC-IP、TQC-DK、TQC-DA、TQC專業財會人員、TQC-EEC', '進階級', 1),
(6, 'PTQCC', '專業證照', '中華民國電腦技能基金會', 'TQC-WD、TQC-PD、TQC-OS、TQC-OA、TQC-MD、TQC-IP、TQC-DK、TQC-DA、TQC專業財會人員、TQC-EEC', '實用級', 1),
(7, 'PCERPS_EERPP', '專業證照', '中華企業資源規劃學會/中華民國電腦技能基金會', '初階ERP 規劃師', '', 3),
(8, '', '專業證照', '中華企業資源規劃學會/中華民國電腦技能基金會', 'ERP軟體應用師-配銷模組', '', 3),
(9, '', '專業證照', '中華企業資源規劃學會/中華民國電腦技能基金會', 'ERP軟體應用師-生管模組', '', 3),
(10, '', '專業證照', '中華企業資源規劃學會/中華民國電腦技能基金會', 'ERP軟體應用師-財務模組', '', 3),
(11, '', '專業證照', '中華企業資源規劃學會/中華民國電腦技能基金會', 'BI OLAP軟體應用師', '', 3),
(12, '', '專業證照', '中華企業資源規劃學會/中華民國電腦技能基金會', 'CRM軟體應用師', '', 3),
(13, '', '國際認證', 'Microsoft', '全系列專家認證皆可認列', '', 2),
(14, '', '國際認證', '', 'OFFICE大師級MASTER認證', '', 5),
(15, '', '國際認證', 'Cisco', 'Cisco Certified Network Associate (CCNA)', '', 5),
(16, '', '國際認證', 'Adobe', 'Adobe Certified Associate (ACA) Photoshop CS5', '', 3),
(17, '', '國際認證', 'TPMA/IPMA', '專案管理師證照Certificated Project Management Associate', 'Level D', 5),
(18, '', '國際認證', 'Certiport', 'Internet and Computing Core Certifications (IC3)', '', 3),
(19, '', '國際認證', 'Red Hat', 'Red Hat Certified System Administrator (RHCSA)', '', 5),
(20, '', '國際認證', 'Red Hat', 'Red Hat Certified Engineer (RHCE)', '', 5),
(21, '', '國際認證', 'EPCglobal', 'EPC、國際條碼管理師', '', 2),
(22, '', '國際認證', '', 'EPC Certified Internet of Things Expert (EPCIE)', '', 3),
(23, '', '國際認證', '美國SOLE國際物流協會', 'Certified Professional Logistician (CPL)物流助理管理師', '', 3),
(24, '', '國際認證', 'CEO國際認證中心', 'MWM多媒體網站管理師', '', 3),
(25, '', '國際認證', 'CEO國際認證中心', 'ECM電子商務管理師', '', 3),
(26, '', '國際認證', '臺灣行銷科學學會', 'TIME行銷證照', '', 3),
(27, '', '語文檢定證照', '財團法人語言訓練測驗中心', '全民英檢(GEPT)', '初級', 2),
(28, '', '語文檢定證照', '財團法人語言訓練測驗中心', '全民英檢(GEPT)', '中級', 2),
(29, '', '語文檢定證照', '財團法人語言訓練測驗中心', '全民英檢(GEPT)', '中高級', 2),
(30, '', '語文檢定證照', '財團法人語言訓練測驗中心', '大學校院英語能力測驗CSEPT第一級170', 'A2級以上', 2),
(31, '', '語文檢定證照', 'ETS', '托福TOEFL筆試390分及電腦測驗90分以上', 'A2級以上', 2),
(32, '', '語文檢定證照', 'ETS', '多益TOEICTOEIC350分以上', 'A2級以上', 2),
(33, '', '語文檢定證照', '英國文化協會', '國際英語語文測驗IELTSIELTS3分以上', 'A2級以上', 2),
(34, '', '語文檢定證照', '日本國際教育支援協會', '日本語能力認定書', '4級以上', 2),
(35, '', '語文檢定證照', '(NDI)National Development Initiatives Institute[財團法人中華綜合發展研究院]', '(GET)Global English Test[全球英語能力檢定測驗]~Reading, Listening', 'A2 / CEF A2(初級)聽力閱讀', 2),
(36, '', '語文檢定證照', '(NDI)National Development Initiatives Institute[財團法人中華綜合發展研究院]', '(GET)Global English Test[全球英語能力檢定測驗]~Reading, Listening', 'B1 / CEF B1(中級)聽力閱讀', 2),
(37, '', '語文檢定證照', '(NDI)National Development Initiatives Institute[財團法人中華綜合發展研究院]', '(GET)Global English Test[全球英語能力檢定測驗]~Reading, Listening', 'B2 / CEF B2(中高級)聽力閱讀', 2);

-- --------------------------------------------------------

--
-- 表的結構 `student`
--

CREATE TABLE IF NOT EXISTS `student` (
  `sn` int(10) NOT NULL AUTO_INCREMENT,
  `student_id` varchar(10) DEFAULT NULL,
  `name` varchar(10) DEFAULT NULL,
  `year` int(11) DEFAULT NULL,
  `semester` int(11) DEFAULT NULL,
  `date` date DEFAULT NULL,
  `license_id` int(11) NOT NULL,
  PRIMARY KEY (`sn`)
) ENGINE=InnoDB  DEFAULT CHARSET=utf8 AUTO_INCREMENT=7 ;

--
-- 轉存資料表中的資料 `student`
--

INSERT INTO `student` (`sn`, `student_id`, `name`, `year`, `semester`, `date`, `license_id`) VALUES
(1, '40051102', '黃雋彥', 100, 1, '2011-12-14', 35),
(2, '40051114', '蔡佳勳', 100, 2, '2012-05-28', 35),
(3, '40051123', '林暉恩', 100, 2, '2012-05-28', 35),
(4, '40051128', '畢恩綺', 100, 1, '2011-12-14', 35),
(5, '40051128', '畢恩綺', 100, 2, '2012-05-28', 36),
(6, '40051319', '謝應綸', 100, 1, '2011-12-14', 35);

/*!40101 SET CHARACTER_SET_CLIENT=@OLD_CHARACTER_SET_CLIENT */;
/*!40101 SET CHARACTER_SET_RESULTS=@OLD_CHARACTER_SET_RESULTS */;
/*!40101 SET COLLATION_CONNECTION=@OLD_COLLATION_CONNECTION */;
